input_path	output_path	page_id	page_type	vendor	status	reason
00-foundation/hardware-spec/h200-specs.md	wiki/nvidia/hardware/foundation/h200-specs.md	hw-foundation-h200-specs	hardware	nvidia	migrated	foundation
00-foundation/hardware-spec/runtime-introspection/README.md	wiki/nvidia/hardware/foundation/README.md	hw-foundation-runtime-introspection	hardware	nvidia	migrated	foundation
05-source-corpus/INDEX/README.md	corpus/nvidia/INDEX/README.md			nvidia	skipped	corpus-not-needed
05-source-corpus/RETRIEVAL.md	corpus/nvidia/RETRIEVAL.md			nvidia	skipped	corpus-not-needed
05-source-corpus/blogs/colfax/a-case-study-in-cuda-kernel-fusion-implementing-flashattention-2-on-nvidia-hopper-architecture-using-the-cutlass-library/index.md	corpus/nvidia/blogs/colfax/a-case-study-in-cuda-kernel-fusion-implementing-flashattention-2-on-nvidia-hopper-architecture-using-the-cutlass-library/index.md			nvidia	migrated	corpus-tier1
05-source-corpus/blogs/colfax/a-note-on-the-algebra-of-cute-layouts/index.md	corpus/nvidia/blogs/colfax/a-note-on-the-algebra-of-cute-layouts/index.md			nvidia	migrated	corpus-tier1
05-source-corpus/blogs/colfax/a-users-guide-to-flexattention-in-flashattention-cute-dsl/index.md	corpus/nvidia/blogs/colfax/a-users-guide-to-flexattention-in-flashattention-cute-dsl/index.md			nvidia	migrated	corpus-tier1
05-source-corpus/blogs/colfax/categorical-foundations-for-cute-layouts/index.md	corpus/nvidia/blogs/colfax/categorical-foundations-for-cute-layouts/index.md			nvidia	migrated	corpus-tier1
05-source-corpus/blogs/colfax/cutlass-3x-apis-orthogonal-reusable-and-composable-abstractions-for-gemm-kernel-design-external/index.md	corpus/nvidia/blogs/colfax/cutlass-3x-apis-orthogonal-reusable-and-composable-abstractions-for-gemm-kernel-design-external/index.md			nvidia	migrated	corpus-tier1
05-source-corpus/blogs/colfax/cutlass-tutorial-efficient-gemm-kernel-designs-with-pipelining/index.md	corpus/nvidia/blogs/colfax/cutlass-tutorial-efficient-gemm-kernel-designs-with-pipelining/index.md			nvidia	migrated	corpus-tier1
05-source-corpus/blogs/colfax/cutlass-tutorial-fast-matrix-multiplication-with-wgmma-on-nvidia-hopper-gpus/index.md	corpus/nvidia/blogs/colfax/cutlass-tutorial-fast-matrix-multiplication-with-wgmma-on-nvidia-hopper-gpus/index.md			nvidia	migrated	corpus-tier1
05-source-corpus/blogs/colfax/cutlass-tutorial-gemm-with-thread-block-clusters-on-nvidia-blackwell-gpus/index.md	corpus/nvidia/blogs/colfax/cutlass-tutorial-gemm-with-thread-block-clusters-on-nvidia-blackwell-gpus/index.md			nvidia	migrated	corpus-tier1
05-source-corpus/blogs/colfax/cutlass-tutorial-hardware-supported-block-scaling-with-nvidia-blackwell-gpus/index.md	corpus/nvidia/blogs/colfax/cutlass-tutorial-hardware-supported-block-scaling-with-nvidia-blackwell-gpus/index.md			nvidia	migrated	corpus-tier1
05-source-corpus/blogs/colfax/cutlass-tutorial-mastering-the-nvidia-tensor-memory-accelerator-tma/index.md	corpus/nvidia/blogs/colfax/cutlass-tutorial-mastering-the-nvidia-tensor-memory-accelerator-tma/index.md			nvidia	migrated	corpus-tier1
05-source-corpus/blogs/colfax/cutlass-tutorial-persistent-kernels-and-stream-k/index.md	corpus/nvidia/blogs/colfax/cutlass-tutorial-persistent-kernels-and-stream-k/index.md			nvidia	migrated	corpus-tier1
05-source-corpus/blogs/colfax/cutlass-tutorial-sub-byte-gemm-on-nvidia-blackwell-gpus/index.md	corpus/nvidia/blogs/colfax/cutlass-tutorial-sub-byte-gemm-on-nvidia-blackwell-gpus/index.md			nvidia	migrated	corpus-tier1
05-source-corpus/blogs/colfax/cutlass-tutorial-writing-gemm-kernels-using-tensor-memory-for-nvidia-blackwell-gpus/index.md	corpus/nvidia/blogs/colfax/cutlass-tutorial-writing-gemm-kernels-using-tensor-memory-for-nvidia-blackwell-gpus/index.md			nvidia	migrated	corpus-tier1
05-source-corpus/blogs/colfax/deepseek-r1-and-fp8-mixed-precision-training/index.md	corpus/nvidia/blogs/colfax/deepseek-r1-and-fp8-mixed-precision-training/index.md			nvidia	migrated	corpus-tier1
05-source-corpus/blogs/colfax/delivering-1-pflops-of-performance-with-fp8-flashattention-2/index.md	corpus/nvidia/blogs/colfax/delivering-1-pflops-of-performance-with-fp8-flashattention-2/index.md			nvidia	migrated	corpus-tier1
05-source-corpus/blogs/colfax/developing-cuda-kernels-for-gemm-on-nvidia-hopper-architecture-using-cutlass/index.md	corpus/nvidia/blogs/colfax/developing-cuda-kernels-for-gemm-on-nvidia-hopper-architecture-using-cutlass/index.md			nvidia	migrated	corpus-tier1
05-source-corpus/blogs/colfax/epilogue-fusion-in-cutlass-with-epilogue-visitor-trees/index.md	corpus/nvidia/blogs/colfax/epilogue-fusion-in-cutlass-with-epilogue-visitor-trees/index.md			nvidia	migrated	corpus-tier1
05-source-corpus/blogs/colfax/flashattention-3-fast-and-accurate-attention-with-asynchrony-and-low-precision/index.md	corpus/nvidia/blogs/colfax/flashattention-3-fast-and-accurate-attention-with-asynchrony-and-low-precision/index.md			nvidia	migrated	corpus-tier1
05-source-corpus/blogs/colfax/flashattention-3-for-inference-int8-quantization-and-query-head-packing-for-mqagqa-external/index.md	corpus/nvidia/blogs/colfax/flashattention-3-for-inference-int8-quantization-and-query-head-packing-for-mqagqa-external/index.md			nvidia	migrated	corpus-tier1
05-source-corpus/blogs/colfax/flashattention-4-algorithm-and-kernel-pipelining-co-design-for-asymmetric-hardware-scaling/index.md	corpus/nvidia/blogs/colfax/flashattention-4-algorithm-and-kernel-pipelining-co-design-for-asymmetric-hardware-scaling/index.md			nvidia	migrated	corpus-tier1
05-source-corpus/blogs/colfax/flexattention-flashattention-4-fast-and-flexible-external/index.md	corpus/nvidia/blogs/colfax/flexattention-flashattention-4-fast-and-flexible-external/index.md			nvidia	migrated	corpus-tier1
05-source-corpus/blogs/colfax/gpu-mode-cutlass-and-flashattention-3/index.md	corpus/nvidia/blogs/colfax/gpu-mode-cutlass-and-flashattention-3/index.md			nvidia	migrated	corpus-tier1
05-source-corpus/blogs/colfax/gpu-mode-fundamentals-of-cute-layout-algebra-and-category-theoretic-interpretation/index.md	corpus/nvidia/blogs/colfax/gpu-mode-fundamentals-of-cute-layout-algebra-and-category-theoretic-interpretation/index.md			nvidia	migrated	corpus-tier1
05-source-corpus/blogs/colfax/gpu-passthrough-on-proxmox-ve-82/index.md	corpus/nvidia/blogs/colfax/gpu-passthrough-on-proxmox-ve-82/index.md			nvidia	migrated	corpus-tier1
05-source-corpus/blogs/colfax/installing-ubuntu-2204-lts-over-the-network-on-servers-with-the-nvidia-grace-hopper-superchip/index.md	corpus/nvidia/blogs/colfax/installing-ubuntu-2204-lts-over-the-network-on-servers-with-the-nvidia-grace-hopper-superchip/index.md			nvidia	migrated	corpus-tier1
05-source-corpus/blogs/colfax/sharing-nvidia-gpus-at-the-system-level-time-sliced-and-mig-backed-vgpus/index.md	corpus/nvidia/blogs/colfax/sharing-nvidia-gpus-at-the-system-level-time-sliced-and-mig-backed-vgpus/index.md			nvidia	migrated	corpus-tier1
05-source-corpus/blogs/colfax/tutorial-matrix-transpose-in-cutlass/index.md	corpus/nvidia/blogs/colfax/tutorial-matrix-transpose-in-cutlass/index.md			nvidia	migrated	corpus-tier1
05-source-corpus/blogs/colfax/tutorial-python-bindings-for-cuda-libraries-in-pytorch/index.md	corpus/nvidia/blogs/colfax/tutorial-python-bindings-for-cuda-libraries-in-pytorch/index.md			nvidia	migrated	corpus-tier1
05-source-corpus/cuda-official/cuda-toolkit-documentation-13.2/Application Notes/cuda-for-tegra-appnote/cuda_cuda-for-tegra-appnote_index.html.md	corpus/nvidia/cuda-official/cuda-toolkit-documentation-13.2/Application Notes/cuda-for-tegra-appnote/cuda_cuda-for-tegra-appnote_index.html.md			nvidia	migrated	corpus-tier1
05-source-corpus/cuda-official/cuda-toolkit-documentation-13.2/CUDA API References/cccl/cccl.md	corpus/nvidia/cuda-official/cuda-toolkit-documentation-13.2/CUDA API References/cccl/cccl.md			nvidia	migrated	corpus-tier1
05-source-corpus/cuda-official/cuda-toolkit-documentation-13.2/CUDA API References/cub/cub.md	corpus/nvidia/cuda-official/cuda-toolkit-documentation-13.2/CUDA API References/cub/cub.md			nvidia	migrated	corpus-tier1
05-source-corpus/cuda-official/cuda-toolkit-documentation-13.2/CUDA API References/cublas/cuda_cublas_index.html.md	corpus/nvidia/cuda-official/cuda-toolkit-documentation-13.2/CUDA API References/cublas/cuda_cublas_index.html.md			nvidia	migrated	corpus-tier1
05-source-corpus/cuda-official/cuda-toolkit-documentation-13.2/CUDA API References/cuda-driver-api/cuda_cuda-driver-api_index.html.md	corpus/nvidia/cuda-official/cuda-toolkit-documentation-13.2/CUDA API References/cuda-driver-api/cuda_cuda-driver-api_index.html.md			nvidia	migrated	corpus-tier1
05-source-corpus/cuda-official/cuda-toolkit-documentation-13.2/CUDA API References/cuda-math-api/cuda_cuda-math-api_index.html.md	corpus/nvidia/cuda-official/cuda-toolkit-documentation-13.2/CUDA API References/cuda-math-api/cuda_cuda-math-api_index.html.md			nvidia	migrated	corpus-tier1
05-source-corpus/cuda-official/cuda-toolkit-documentation-13.2/CUDA API References/cuda-runtime-api/cuda_cuda-runtime-api_index.html.md	corpus/nvidia/cuda-official/cuda-toolkit-documentation-13.2/CUDA API References/cuda-runtime-api/cuda_cuda-runtime-api_index.html.md			nvidia	migrated	corpus-tier1
05-source-corpus/cuda-official/cuda-toolkit-documentation-13.2/CUDA API References/cudla-api/cuda_cudla-api_index.html.md	corpus/nvidia/cuda-official/cuda-toolkit-documentation-13.2/CUDA API References/cudla-api/cuda_cudla-api_index.html.md			nvidia	migrated	corpus-tier1
05-source-corpus/cuda-official/cuda-toolkit-documentation-13.2/CUDA API References/cufft/cuda_cufft_index.html.md	corpus/nvidia/cuda-official/cuda-toolkit-documentation-13.2/CUDA API References/cufft/cuda_cufft_index.html.md			nvidia	migrated	corpus-tier1
05-source-corpus/cuda-official/cuda-toolkit-documentation-13.2/CUDA API References/cufile-api/gpudirect-storage_api-reference-guide_index.html.md	corpus/nvidia/cuda-official/cuda-toolkit-documentation-13.2/CUDA API References/cufile-api/gpudirect-storage_api-reference-guide_index.html.md			nvidia	migrated	corpus-tier1
05-source-corpus/cuda-official/cuda-toolkit-documentation-13.2/CUDA API References/curand/cuda_curand_index.html.md	corpus/nvidia/cuda-official/cuda-toolkit-documentation-13.2/CUDA API References/curand/cuda_curand_index.html.md			nvidia	migrated	corpus-tier1
05-source-corpus/cuda-official/cuda-toolkit-documentation-13.2/CUDA API References/cusolver/cuda_cusolver_index.html.md	corpus/nvidia/cuda-official/cuda-toolkit-documentation-13.2/CUDA API References/cusolver/cuda_cusolver_index.html.md			nvidia	migrated	corpus-tier1
05-source-corpus/cuda-official/cuda-toolkit-documentation-13.2/CUDA API References/cusparse/cuda_cusparse_index.html.md	corpus/nvidia/cuda-official/cuda-toolkit-documentation-13.2/CUDA API References/cusparse/cuda_cusparse_index.html.md			nvidia	migrated	corpus-tier1
05-source-corpus/cuda-official/cuda-toolkit-documentation-13.2/CUDA API References/npp/cuda_npp_index.html.md	corpus/nvidia/cuda-official/cuda-toolkit-documentation-13.2/CUDA API References/npp/cuda_npp_index.html.md			nvidia	migrated	corpus-tier1
05-source-corpus/cuda-official/cuda-toolkit-documentation-13.2/CUDA API References/nvblas/cuda_nvblas_index.html.md	corpus/nvidia/cuda-official/cuda-toolkit-documentation-13.2/CUDA API References/nvblas/cuda_nvblas_index.html.md			nvidia	migrated	corpus-tier1
05-source-corpus/cuda-official/cuda-toolkit-documentation-13.2/CUDA API References/nvfatbin/cuda_nvfatbin_index.html.md	corpus/nvidia/cuda-official/cuda-toolkit-documentation-13.2/CUDA API References/nvfatbin/cuda_nvfatbin_index.html.md			nvidia	migrated	corpus-tier1
05-source-corpus/cuda-official/cuda-toolkit-documentation-13.2/CUDA API References/nvjitlink/cuda_nvjitlink_index.html.md	corpus/nvidia/cuda-official/cuda-toolkit-documentation-13.2/CUDA API References/nvjitlink/cuda_nvjitlink_index.html.md			nvidia	migrated	corpus-tier1
05-source-corpus/cuda-official/cuda-toolkit-documentation-13.2/CUDA API References/nvjpeg/cuda_nvjpeg_index.html.md	corpus/nvidia/cuda-official/cuda-toolkit-documentation-13.2/CUDA API References/nvjpeg/cuda_nvjpeg_index.html.md			nvidia	migrated	corpus-tier1
05-source-corpus/cuda-official/cuda-toolkit-documentation-13.2/CUDA API References/nvrtc/cuda_nvrtc_index.html.md	corpus/nvidia/cuda-official/cuda-toolkit-documentation-13.2/CUDA API References/nvrtc/cuda_nvrtc_index.html.md			nvidia	migrated	corpus-tier1
05-source-corpus/cuda-official/cuda-toolkit-documentation-13.2/CUDA API References/thrust/thrust.md	corpus/nvidia/cuda-official/cuda-toolkit-documentation-13.2/CUDA API References/thrust/thrust.md			nvidia	migrated	corpus-tier1
05-source-corpus/cuda-official/cuda-toolkit-documentation-13.2/CUDA Architecture Guides/ada-compatibility-guide/cuda_ada-compatibility-guide_index.html.md	corpus/nvidia/cuda-official/cuda-toolkit-documentation-13.2/CUDA Architecture Guides/ada-compatibility-guide/cuda_ada-compatibility-guide_index.html.md			nvidia	migrated	corpus-tier1
05-source-corpus/cuda-official/cuda-toolkit-documentation-13.2/CUDA Architecture Guides/ada-tuning-guide/cuda_ada-tuning-guide_index.html.md	corpus/nvidia/cuda-official/cuda-toolkit-documentation-13.2/CUDA Architecture Guides/ada-tuning-guide/cuda_ada-tuning-guide_index.html.md			nvidia	migrated	corpus-tier1
05-source-corpus/cuda-official/cuda-toolkit-documentation-13.2/CUDA Architecture Guides/ampere-compatibility-guide/cuda_ampere-compatibility-guide_index.html.md	corpus/nvidia/cuda-official/cuda-toolkit-documentation-13.2/CUDA Architecture Guides/ampere-compatibility-guide/cuda_ampere-compatibility-guide_index.html.md			nvidia	migrated	corpus-tier1
05-source-corpus/cuda-official/cuda-toolkit-documentation-13.2/CUDA Architecture Guides/ampere-tuning-guide/cuda_ampere-tuning-guide_index.html.md	corpus/nvidia/cuda-official/cuda-toolkit-documentation-13.2/CUDA Architecture Guides/ampere-tuning-guide/cuda_ampere-tuning-guide_index.html.md			nvidia	migrated	corpus-tier1
05-source-corpus/cuda-official/cuda-toolkit-documentation-13.2/CUDA Architecture Guides/blackwell-compatibility-guide/cuda_blackwell-compatibility-guide_index.html.md	corpus/nvidia/cuda-official/cuda-toolkit-documentation-13.2/CUDA Architecture Guides/blackwell-compatibility-guide/cuda_blackwell-compatibility-guide_index.html.md			nvidia	migrated	corpus-tier1
05-source-corpus/cuda-official/cuda-toolkit-documentation-13.2/CUDA Architecture Guides/blackwell-tuning-guide/cuda_blackwell-tuning-guide_index.html.md	corpus/nvidia/cuda-official/cuda-toolkit-documentation-13.2/CUDA Architecture Guides/blackwell-tuning-guide/cuda_blackwell-tuning-guide_index.html.md			nvidia	migrated	corpus-tier1
05-source-corpus/cuda-official/cuda-toolkit-documentation-13.2/CUDA Architecture Guides/hopper-compatibility-guide/cuda_hopper-compatibility-guide_index.html.md	corpus/nvidia/cuda-official/cuda-toolkit-documentation-13.2/CUDA Architecture Guides/hopper-compatibility-guide/cuda_hopper-compatibility-guide_index.html.md			nvidia	migrated	corpus-tier1
05-source-corpus/cuda-official/cuda-toolkit-documentation-13.2/CUDA Architecture Guides/hopper-tuning-guide/cuda_hopper-tuning-guide_index.html.md	corpus/nvidia/cuda-official/cuda-toolkit-documentation-13.2/CUDA Architecture Guides/hopper-tuning-guide/cuda_hopper-tuning-guide_index.html.md			nvidia	migrated	corpus-tier1
05-source-corpus/cuda-official/cuda-toolkit-documentation-13.2/CUDA Architecture Guides/inline-ptx-assembly/cuda_inline-ptx-assembly_index.html.md	corpus/nvidia/cuda-official/cuda-toolkit-documentation-13.2/CUDA Architecture Guides/inline-ptx-assembly/cuda_inline-ptx-assembly_index.html.md			nvidia	migrated	corpus-tier1
05-source-corpus/cuda-official/cuda-toolkit-documentation-13.2/CUDA Architecture Guides/ptx-writers-guide-to-interoperability/cuda_ptx-writers-guide-to-interoperability_index.html.md	corpus/nvidia/cuda-official/cuda-toolkit-documentation-13.2/CUDA Architecture Guides/ptx-writers-guide-to-interoperability/cuda_ptx-writers-guide-to-interoperability_index.html.md			nvidia	migrated	corpus-tier1
05-source-corpus/cuda-official/cuda-toolkit-documentation-13.2/CUDA Architecture Guides/turing-compatibility-guide/cuda_turing-compatibility-guide_index.html.md	corpus/nvidia/cuda-official/cuda-toolkit-documentation-13.2/CUDA Architecture Guides/turing-compatibility-guide/cuda_turing-compatibility-guide_index.html.md			nvidia	migrated	corpus-tier1
05-source-corpus/cuda-official/cuda-toolkit-documentation-13.2/CUDA Architecture Guides/turing-tuning-guide/cuda_turing-tuning-guide_index.html.md	corpus/nvidia/cuda-official/cuda-toolkit-documentation-13.2/CUDA Architecture Guides/turing-tuning-guide/cuda_turing-tuning-guide_index.html.md			nvidia	migrated	corpus-tier1
05-source-corpus/cuda-official/cuda-toolkit-documentation-13.2/CUDA Architecture Guides/video-decoder/video-technologies_video-codec-sdk_13.0_index.html.md	corpus/nvidia/cuda-official/cuda-toolkit-documentation-13.2/CUDA Architecture Guides/video-decoder/video-technologies_video-codec-sdk_13.0_index.html.md			nvidia	migrated	corpus-tier1
05-source-corpus/cuda-official/cuda-toolkit-documentation-13.2/CUDA Archives/cuda-features-archive/cuda_cuda-features-archive_index.html.md	corpus/nvidia/cuda-official/cuda-toolkit-documentation-13.2/CUDA Archives/cuda-features-archive/cuda_cuda-features-archive_index.html.md			nvidia	migrated	corpus-tier1
05-source-corpus/cuda-official/cuda-toolkit-documentation-13.2/CUDA Installation Guides/cuda-installation-guide-linux/cuda_cuda-installation-guide-linux_index.html.md	corpus/nvidia/cuda-official/cuda-toolkit-documentation-13.2/CUDA Installation Guides/cuda-installation-guide-linux/cuda_cuda-installation-guide-linux_index.html.md			nvidia	migrated	corpus-tier1
05-source-corpus/cuda-official/cuda-toolkit-documentation-13.2/CUDA Installation Guides/cuda-installation-guide-microsoft-windows/cuda_cuda-installation-guide-microsoft-windows_index.html.md	corpus/nvidia/cuda-official/cuda-toolkit-documentation-13.2/CUDA Installation Guides/cuda-installation-guide-microsoft-windows/cuda_cuda-installation-guide-microsoft-windows_index.html.md			nvidia	migrated	corpus-tier1
05-source-corpus/cuda-official/cuda-toolkit-documentation-13.2/CUDA Installation Guides/cuda-quick-start-guide/cuda_cuda-quick-start-guide_index.html.md	corpus/nvidia/cuda-official/cuda-toolkit-documentation-13.2/CUDA Installation Guides/cuda-quick-start-guide/cuda_cuda-quick-start-guide_index.html.md			nvidia	migrated	corpus-tier1
05-source-corpus/cuda-official/cuda-toolkit-documentation-13.2/CUDA Programming Guides/cuda-c-best-practices-guide/cuda_cuda-c-best-practices-guide_index.html.md	corpus/nvidia/cuda-official/cuda-toolkit-documentation-13.2/CUDA Programming Guides/cuda-c-best-practices-guide/cuda_cuda-c-best-practices-guide_index.html.md			nvidia	migrated	corpus-tier1
05-source-corpus/cuda-official/cuda-toolkit-documentation-13.2/CUDA Programming Guides/cuda-programming-guide/cuda_cuda-programming-guide_index.html.md	corpus/nvidia/cuda-official/cuda-toolkit-documentation-13.2/CUDA Programming Guides/cuda-programming-guide/cuda_cuda-programming-guide_index.html.md			nvidia	migrated	corpus-tier1
05-source-corpus/cuda-official/cuda-toolkit-documentation-13.2/CUDA Programming Guides/cutile-python/cuda_cutile-python_index.html.md	corpus/nvidia/cuda-official/cuda-toolkit-documentation-13.2/CUDA Programming Guides/cutile-python/cuda_cutile-python_index.html.md			nvidia	migrated	corpus-tier1
05-source-corpus/cuda-official/cuda-toolkit-documentation-13.2/CUDA Programming Guides/parallel-thread-execution/cuda_parallel-thread-execution_index.html.md	corpus/nvidia/cuda-official/cuda-toolkit-documentation-13.2/CUDA Programming Guides/parallel-thread-execution/cuda_parallel-thread-execution_index.html.md			nvidia	migrated	corpus-tier1
05-source-corpus/cuda-official/cuda-toolkit-documentation-13.2/CUDA Programming Guides/tile-ir/cuda_tile-ir_index.html.md	corpus/nvidia/cuda-official/cuda-toolkit-documentation-13.2/CUDA Programming Guides/tile-ir/cuda_tile-ir_index.html.md			nvidia	migrated	corpus-tier1
05-source-corpus/cuda-official/cuda-toolkit-documentation-13.2/CUDA Programming Guides/tile-ir/cuda_tile-ir_latest.md	corpus/nvidia/cuda-official/cuda-toolkit-documentation-13.2/CUDA Programming Guides/tile-ir/cuda_tile-ir_latest.md			nvidia	migrated	corpus-tier1
05-source-corpus/cuda-official/cuda-toolkit-documentation-13.2/CUDA Tools/compute-sanitizer/compute-sanitizer_index.html.md	corpus/nvidia/cuda-official/cuda-toolkit-documentation-13.2/CUDA Tools/compute-sanitizer/compute-sanitizer_index.html.md			nvidia	migrated	corpus-tier1
05-source-corpus/cuda-official/cuda-toolkit-documentation-13.2/CUDA Tools/cuda-binary-utilities/cuda_cuda-binary-utilities_index.html.md	corpus/nvidia/cuda-official/cuda-toolkit-documentation-13.2/CUDA Tools/cuda-binary-utilities/cuda_cuda-binary-utilities_index.html.md			nvidia	migrated	corpus-tier1
05-source-corpus/cuda-official/cuda-toolkit-documentation-13.2/CUDA Tools/cuda-compile-time-advisor/cuda_cuda-compile-time-advisor_index.html.md	corpus/nvidia/cuda-official/cuda-toolkit-documentation-13.2/CUDA Tools/cuda-compile-time-advisor/cuda_cuda-compile-time-advisor_index.html.md			nvidia	migrated	corpus-tier1
05-source-corpus/cuda-official/cuda-toolkit-documentation-13.2/CUDA Tools/cuda-compiler-driver-nvcc/cuda_cuda-compiler-driver-nvcc_index.html.md	corpus/nvidia/cuda-official/cuda-toolkit-documentation-13.2/CUDA Tools/cuda-compiler-driver-nvcc/cuda_cuda-compiler-driver-nvcc_index.html.md			nvidia	migrated	corpus-tier1
05-source-corpus/cuda-official/cuda-toolkit-documentation-13.2/CUDA Tools/cuda-gdb/cuda_cuda-gdb_index.html.md	corpus/nvidia/cuda-official/cuda-toolkit-documentation-13.2/CUDA Tools/cuda-gdb/cuda_cuda-gdb_index.html.md			nvidia	migrated	corpus-tier1
05-source-corpus/cuda-official/cuda-toolkit-documentation-13.2/CUDA Tools/nsight-compute/nsight-compute_index.html.md	corpus/nvidia/cuda-official/cuda-toolkit-documentation-13.2/CUDA Tools/nsight-compute/nsight-compute_index.html.md			nvidia	migrated	corpus-tier1
05-source-corpus/cuda-official/cuda-toolkit-documentation-13.2/CUDA Tools/nsight-eclipse-plugins-guide/cuda_nsight-eclipse-plugins-guide_index.html.md	corpus/nvidia/cuda-official/cuda-toolkit-documentation-13.2/CUDA Tools/nsight-eclipse-plugins-guide/cuda_nsight-eclipse-plugins-guide_index.html.md			nvidia	migrated	corpus-tier1
05-source-corpus/cuda-official/cuda-toolkit-documentation-13.2/CUDA Tools/nsight-systems/nsight-systems_index.html.md	corpus/nvidia/cuda-official/cuda-toolkit-documentation-13.2/CUDA Tools/nsight-systems/nsight-systems_index.html.md			nvidia	migrated	corpus-tier1
05-source-corpus/cuda-official/cuda-toolkit-documentation-13.2/CUDA Tools/nsight-visual-studio-edition/nsight-visual-studio-edition_index.html.md	corpus/nvidia/cuda-official/cuda-toolkit-documentation-13.2/CUDA Tools/nsight-visual-studio-edition/nsight-visual-studio-edition_index.html.md			nvidia	migrated	corpus-tier1
05-source-corpus/cuda-official/cuda-toolkit-documentation-13.2/CUDA Tools/nsightee-plugins-install-guide/cuda_nsightee-plugins-install-guide_index.html.md	corpus/nvidia/cuda-official/cuda-toolkit-documentation-13.2/CUDA Tools/nsightee-plugins-install-guide/cuda_nsightee-plugins-install-guide_index.html.md			nvidia	migrated	corpus-tier1
05-source-corpus/cuda-official/cuda-toolkit-documentation-13.2/Compiler SDK/libdevice-users-guide/cuda_libdevice-users-guide_index.html.md	corpus/nvidia/cuda-official/cuda-toolkit-documentation-13.2/Compiler SDK/libdevice-users-guide/cuda_libdevice-users-guide_index.html.md			nvidia	migrated	corpus-tier1
05-source-corpus/cuda-official/cuda-toolkit-documentation-13.2/Compiler SDK/libnvvm-api/cuda_libnvvm-api_index.html.md	corpus/nvidia/cuda-official/cuda-toolkit-documentation-13.2/Compiler SDK/libnvvm-api/cuda_libnvvm-api_index.html.md			nvidia	migrated	corpus-tier1
05-source-corpus/cuda-official/cuda-toolkit-documentation-13.2/Compiler SDK/nvvm-ir-spec/cuda_nvvm-ir-spec_index.html.md	corpus/nvidia/cuda-official/cuda-toolkit-documentation-13.2/Compiler SDK/nvvm-ir-spec/cuda_nvvm-ir-spec_index.html.md			nvidia	migrated	corpus-tier1
05-source-corpus/cuda-official/cuda-toolkit-documentation-13.2/Legal Notices/eula/cuda_eula_index.html.md	corpus/nvidia/cuda-official/cuda-toolkit-documentation-13.2/Legal Notices/eula/cuda_eula_index.html.md			nvidia	migrated	corpus-tier1
05-source-corpus/cuda-official/cuda-toolkit-documentation-13.2/Miscellaneous/cuda-compatibility/deploy_cuda-compatibility_index.html.md	corpus/nvidia/cuda-official/cuda-toolkit-documentation-13.2/Miscellaneous/cuda-compatibility/deploy_cuda-compatibility_index.html.md			nvidia	migrated	corpus-tier1
05-source-corpus/cuda-official/cuda-toolkit-documentation-13.2/Miscellaneous/cupti/cupti_index.html.md	corpus/nvidia/cuda-official/cuda-toolkit-documentation-13.2/Miscellaneous/cupti/cupti_index.html.md			nvidia	migrated	corpus-tier1
05-source-corpus/cuda-official/cuda-toolkit-documentation-13.2/Miscellaneous/debugger-api/cuda_debugger-api_index.html.md	corpus/nvidia/cuda-official/cuda-toolkit-documentation-13.2/Miscellaneous/debugger-api/cuda_debugger-api_index.html.md			nvidia	migrated	corpus-tier1
05-source-corpus/cuda-official/cuda-toolkit-documentation-13.2/Miscellaneous/demo-suite/cuda_demo-suite_index.html.md	corpus/nvidia/cuda-official/cuda-toolkit-documentation-13.2/Miscellaneous/demo-suite/cuda_demo-suite_index.html.md			nvidia	migrated	corpus-tier1
05-source-corpus/cuda-official/cuda-toolkit-documentation-13.2/Miscellaneous/eflow-users-guide/cuda_eflow-users-guide_index.html.md	corpus/nvidia/cuda-official/cuda-toolkit-documentation-13.2/Miscellaneous/eflow-users-guide/cuda_eflow-users-guide_index.html.md			nvidia	migrated	corpus-tier1
05-source-corpus/cuda-official/cuda-toolkit-documentation-13.2/Miscellaneous/gpudirect-rdma/cuda_gpudirect-rdma_index.html.md	corpus/nvidia/cuda-official/cuda-toolkit-documentation-13.2/Miscellaneous/gpudirect-rdma/cuda_gpudirect-rdma_index.html.md			nvidia	migrated	corpus-tier1
05-source-corpus/cuda-official/cuda-toolkit-documentation-13.2/Miscellaneous/gpudirect-storage/gpudirect-storage_index.html.md	corpus/nvidia/cuda-official/cuda-toolkit-documentation-13.2/Miscellaneous/gpudirect-storage/gpudirect-storage_index.html.md			nvidia	migrated	corpus-tier1
05-source-corpus/cuda-official/cuda-toolkit-documentation-13.2/Miscellaneous/mig-user-guide/datacenter_tesla_mig-user-guide_index.html.md	corpus/nvidia/cuda-official/cuda-toolkit-documentation-13.2/Miscellaneous/mig-user-guide/datacenter_tesla_mig-user-guide_index.html.md			nvidia	migrated	corpus-tier1
05-source-corpus/cuda-official/cuda-toolkit-documentation-13.2/Miscellaneous/vGPU/cuda_vGPU_index.html.md	corpus/nvidia/cuda-official/cuda-toolkit-documentation-13.2/Miscellaneous/vGPU/cuda_vGPU_index.html.md			nvidia	migrated	corpus-tier1
05-source-corpus/cuda-official/cuda-toolkit-documentation-13.2/Miscellaneous/wsl-user-guide/cuda_wsl-user-guide_index.html.md	corpus/nvidia/cuda-official/cuda-toolkit-documentation-13.2/Miscellaneous/wsl-user-guide/cuda_wsl-user-guide_index.html.md			nvidia	migrated	corpus-tier1
05-source-corpus/cuda-official/cuda-toolkit-documentation-13.2/PTX Compiler API References/ptx-compiler-api/cuda_ptx-compiler-api_index.html.md	corpus/nvidia/cuda-official/cuda-toolkit-documentation-13.2/PTX Compiler API References/ptx-compiler-api/cuda_ptx-compiler-api_index.html.md			nvidia	migrated	corpus-tier1
05-source-corpus/cuda-official/cuda-toolkit-documentation-13.2/Release Notes/cuda-toolkit-release-notes/cuda_cuda-toolkit-release-notes_index.html.md	corpus/nvidia/cuda-official/cuda-toolkit-documentation-13.2/Release Notes/cuda-toolkit-release-notes/cuda_cuda-toolkit-release-notes_index.html.md			nvidia	migrated	corpus-tier1
05-source-corpus/cuda-official/cuda-toolkit-documentation-13.2/White Papers/floating-point/cuda_floating-point_index.html.md	corpus/nvidia/cuda-official/cuda-toolkit-documentation-13.2/White Papers/floating-point/cuda_floating-point_index.html.md			nvidia	migrated	corpus-tier1
05-source-corpus/cuda-official/cuda-toolkit-documentation-13.2/White Papers/incomplete-lu-cholesky/cuda_incomplete-lu-cholesky_index.html.md	corpus/nvidia/cuda-official/cuda-toolkit-documentation-13.2/White Papers/incomplete-lu-cholesky/cuda_incomplete-lu-cholesky_index.html.md			nvidia	migrated	corpus-tier1
05-source-corpus/cuda-official/cuda-toolkit-documentation-13.2/difficult_sites.md	corpus/nvidia/cuda-official/cuda-toolkit-documentation-13.2/difficult_sites.md			nvidia	migrated	corpus-tier1
05-source-corpus/legacy-knowledge/AGENTS.md	corpus/nvidia/legacy-knowledge/AGENTS.md			nvidia	migrated	corpus-tier1
05-source-corpus/legacy-knowledge/advanced/INDEX.md	corpus/nvidia/legacy-knowledge/advanced/INDEX.md			nvidia	migrated	corpus-tier1
05-source-corpus/legacy-knowledge/advanced/branch-elimination/branchless-patterns.md	corpus/nvidia/legacy-knowledge/advanced/branch-elimination/branchless-patterns.md			nvidia	migrated	corpus-tier1
05-source-corpus/legacy-knowledge/advanced/branch-elimination/predicated-execution.md	corpus/nvidia/legacy-knowledge/advanced/branch-elimination/predicated-execution.md			nvidia	migrated	corpus-tier1
05-source-corpus/legacy-knowledge/advanced/branch-elimination/uniform-control-flow.md	corpus/nvidia/legacy-knowledge/advanced/branch-elimination/uniform-control-flow.md			nvidia	migrated	corpus-tier1
05-source-corpus/legacy-knowledge/advanced/cross-component/barrier-placement.md	corpus/nvidia/legacy-knowledge/advanced/cross-component/barrier-placement.md			nvidia	migrated	corpus-tier1
05-source-corpus/legacy-knowledge/advanced/cross-component/memory-fence-relaxation.md	corpus/nvidia/legacy-knowledge/advanced/cross-component/memory-fence-relaxation.md			nvidia	migrated	corpus-tier1
05-source-corpus/legacy-knowledge/advanced/cross-component/warp-group-scheduling.md	corpus/nvidia/legacy-knowledge/advanced/cross-component/warp-group-scheduling.md			nvidia	migrated	corpus-tier1
05-source-corpus/legacy-knowledge/advanced/pipeline-design/compute-memory-overlap.md	corpus/nvidia/legacy-knowledge/advanced/pipeline-design/compute-memory-overlap.md			nvidia	migrated	corpus-tier1
05-source-corpus/legacy-knowledge/advanced/pipeline-design/multi-stage-pipeline.md	corpus/nvidia/legacy-knowledge/advanced/pipeline-design/multi-stage-pipeline.md			nvidia	migrated	corpus-tier1
05-source-corpus/legacy-knowledge/advanced/pipeline-design/pipeline-restructuring.md	corpus/nvidia/legacy-knowledge/advanced/pipeline-design/pipeline-restructuring.md			nvidia	migrated	corpus-tier1
05-source-corpus/legacy-knowledge/advanced/pipeline-design/warp-specialization.md	corpus/nvidia/legacy-knowledge/advanced/pipeline-design/warp-specialization.md			nvidia	migrated	corpus-tier1
05-source-corpus/legacy-knowledge/advanced/resource-tradeoff/prefetch-vs-cache.md	corpus/nvidia/legacy-knowledge/advanced/resource-tradeoff/prefetch-vs-cache.md			nvidia	migrated	corpus-tier1
05-source-corpus/legacy-knowledge/advanced/resource-tradeoff/register-redistribution.md	corpus/nvidia/legacy-knowledge/advanced/resource-tradeoff/register-redistribution.md			nvidia	migrated	corpus-tier1
05-source-corpus/legacy-knowledge/advanced/resource-tradeoff/register-vs-occupancy.md	corpus/nvidia/legacy-knowledge/advanced/resource-tradeoff/register-vs-occupancy.md			nvidia	migrated	corpus-tier1
05-source-corpus/legacy-knowledge/advanced/resource-tradeoff/shared-mem-vs-occupancy.md	corpus/nvidia/legacy-knowledge/advanced/resource-tradeoff/shared-mem-vs-occupancy.md			nvidia	migrated	corpus-tier1
05-source-corpus/legacy-knowledge/api-reference/cublas-api-index.md	corpus/nvidia/legacy-knowledge/api-reference/cublas-api-index.md			nvidia	migrated	corpus-tier1
05-source-corpus/legacy-knowledge/api-reference/math-intrinsics-index.md	corpus/nvidia/legacy-knowledge/api-reference/math-intrinsics-index.md			nvidia	migrated	corpus-tier1
05-source-corpus/legacy-knowledge/api-reference/ptx-instruction-index.md	corpus/nvidia/legacy-knowledge/api-reference/ptx-instruction-index.md			nvidia	migrated	corpus-tier1
05-source-corpus/legacy-knowledge/api-reference/runtime-api-index.md	corpus/nvidia/legacy-knowledge/api-reference/runtime-api-index.md			nvidia	migrated	corpus-tier1
05-source-corpus/legacy-knowledge/experience/2026-04-04-optimization-compute-compiler-hints-skill1.md	corpus/nvidia/legacy-knowledge/experience/2026-04-04-optimization-compute-compiler-hints-skill1.md			nvidia	skipped	corpus-not-needed
05-source-corpus/legacy-knowledge/experience/2026-04-04-optimization-compute-compiler-hints-skill8.md	corpus/nvidia/legacy-knowledge/experience/2026-04-04-optimization-compute-compiler-hints-skill8.md			nvidia	skipped	corpus-not-needed
05-source-corpus/legacy-knowledge/experience/2026-04-04-optimization-compute-fast-math-skill1.md	corpus/nvidia/legacy-knowledge/experience/2026-04-04-optimization-compute-fast-math-skill1.md			nvidia	skipped	corpus-not-needed
05-source-corpus/legacy-knowledge/experience/2026-04-04-optimization-compute-fast-math-skill2.md	corpus/nvidia/legacy-knowledge/experience/2026-04-04-optimization-compute-fast-math-skill2.md			nvidia	skipped	corpus-not-needed
05-source-corpus/legacy-knowledge/experience/2026-04-04-optimization-compute-fast-math-skill3.md	corpus/nvidia/legacy-knowledge/experience/2026-04-04-optimization-compute-fast-math-skill3.md			nvidia	skipped	corpus-not-needed
05-source-corpus/legacy-knowledge/experience/2026-04-04-optimization-compute-fast-math-skill4.md	corpus/nvidia/legacy-knowledge/experience/2026-04-04-optimization-compute-fast-math-skill4.md			nvidia	skipped	corpus-not-needed
05-source-corpus/legacy-knowledge/experience/2026-04-04-optimization-compute-fast-math-skill5.md	corpus/nvidia/legacy-knowledge/experience/2026-04-04-optimization-compute-fast-math-skill5.md			nvidia	skipped	corpus-not-needed
05-source-corpus/legacy-knowledge/experience/2026-04-04-optimization-compute-fast-math-skill6.md	corpus/nvidia/legacy-knowledge/experience/2026-04-04-optimization-compute-fast-math-skill6.md			nvidia	skipped	corpus-not-needed
05-source-corpus/legacy-knowledge/experience/2026-04-04-optimization-compute-fast-math-skill7.md	corpus/nvidia/legacy-knowledge/experience/2026-04-04-optimization-compute-fast-math-skill7.md			nvidia	skipped	corpus-not-needed
05-source-corpus/legacy-knowledge/experience/2026-04-04-optimization-compute-half-precision-math-skill1.md	corpus/nvidia/legacy-knowledge/experience/2026-04-04-optimization-compute-half-precision-math-skill1.md			nvidia	skipped	corpus-not-needed
05-source-corpus/legacy-knowledge/experience/2026-04-04-optimization-compute-half-precision-math-skill2.md	corpus/nvidia/legacy-knowledge/experience/2026-04-04-optimization-compute-half-precision-math-skill2.md			nvidia	skipped	corpus-not-needed
05-source-corpus/legacy-knowledge/experience/2026-04-04-optimization-latency-cuda-graphs-skill4.md	corpus/nvidia/legacy-knowledge/experience/2026-04-04-optimization-latency-cuda-graphs-skill4.md			nvidia	skipped	corpus-not-needed
05-source-corpus/legacy-knowledge/experience/2026-04-04-optimization-latency-cuda-graphs-skill5.md	corpus/nvidia/legacy-knowledge/experience/2026-04-04-optimization-latency-cuda-graphs-skill5.md			nvidia	skipped	corpus-not-needed
05-source-corpus/legacy-knowledge/experience/2026-04-04-optimization-latency-occupancy-tuning-skill2.md	corpus/nvidia/legacy-knowledge/experience/2026-04-04-optimization-latency-occupancy-tuning-skill2.md			nvidia	skipped	corpus-not-needed
05-source-corpus/legacy-knowledge/experience/2026-04-04-optimization-latency-occupancy-tuning-skill3.md	corpus/nvidia/legacy-knowledge/experience/2026-04-04-optimization-latency-occupancy-tuning-skill3.md			nvidia	skipped	corpus-not-needed
05-source-corpus/legacy-knowledge/experience/2026-04-04-optimization-latency-occupancy-tuning-skill4.md	corpus/nvidia/legacy-knowledge/experience/2026-04-04-optimization-latency-occupancy-tuning-skill4.md			nvidia	skipped	corpus-not-needed
05-source-corpus/legacy-knowledge/experience/2026-04-04-optimization-latency-occupancy-tuning-skill5.md	corpus/nvidia/legacy-knowledge/experience/2026-04-04-optimization-latency-occupancy-tuning-skill5.md			nvidia	skipped	corpus-not-needed
05-source-corpus/legacy-knowledge/experience/2026-04-04-optimization-latency-occupancy-tuning-skill6.md	corpus/nvidia/legacy-knowledge/experience/2026-04-04-optimization-latency-occupancy-tuning-skill6.md			nvidia	skipped	corpus-not-needed
05-source-corpus/legacy-knowledge/experience/2026-04-04-optimization-latency-work-stealing-skill2.md	corpus/nvidia/legacy-knowledge/experience/2026-04-04-optimization-latency-work-stealing-skill2.md			nvidia	skipped	corpus-not-needed
05-source-corpus/legacy-knowledge/experience/2026-04-04-optimization-memory-bank-conflict-avoidance-skill1.md	corpus/nvidia/legacy-knowledge/experience/2026-04-04-optimization-memory-bank-conflict-avoidance-skill1.md			nvidia	skipped	corpus-not-needed
05-source-corpus/legacy-knowledge/experience/2026-04-04-optimization-memory-bank-conflict-avoidance-skill2.md	corpus/nvidia/legacy-knowledge/experience/2026-04-04-optimization-memory-bank-conflict-avoidance-skill2.md			nvidia	skipped	corpus-not-needed
05-source-corpus/legacy-knowledge/experience/2026-04-04-optimization-memory-bank-conflict-avoidance-skill3.md	corpus/nvidia/legacy-knowledge/experience/2026-04-04-optimization-memory-bank-conflict-avoidance-skill3.md			nvidia	skipped	corpus-not-needed
05-source-corpus/legacy-knowledge/experience/2026-04-04-optimization-memory-bank-conflict-avoidance-skill4.md	corpus/nvidia/legacy-knowledge/experience/2026-04-04-optimization-memory-bank-conflict-avoidance-skill4.md			nvidia	skipped	corpus-not-needed
05-source-corpus/legacy-knowledge/experience/2026-04-04-optimization-memory-bank-conflict-avoidance-skill5.md	corpus/nvidia/legacy-knowledge/experience/2026-04-04-optimization-memory-bank-conflict-avoidance-skill5.md			nvidia	skipped	corpus-not-needed
05-source-corpus/legacy-knowledge/experience/2026-04-04-optimization-memory-cache-load-hints-skill1.md	corpus/nvidia/legacy-knowledge/experience/2026-04-04-optimization-memory-cache-load-hints-skill1.md			nvidia	skipped	corpus-not-needed
05-source-corpus/legacy-knowledge/experience/2026-04-04-optimization-memory-cache-load-hints-skill2.md	corpus/nvidia/legacy-knowledge/experience/2026-04-04-optimization-memory-cache-load-hints-skill2.md			nvidia	skipped	corpus-not-needed
05-source-corpus/legacy-knowledge/experience/2026-04-04-optimization-memory-cache-load-hints-skill3.md	corpus/nvidia/legacy-knowledge/experience/2026-04-04-optimization-memory-cache-load-hints-skill3.md			nvidia	skipped	corpus-not-needed
05-source-corpus/legacy-knowledge/experience/2026-04-04-optimization-memory-cache-load-hints-skill4.md	corpus/nvidia/legacy-knowledge/experience/2026-04-04-optimization-memory-cache-load-hints-skill4.md			nvidia	skipped	corpus-not-needed
05-source-corpus/legacy-knowledge/experience/2026-04-04-optimization-memory-cache-load-hints-skill5.md	corpus/nvidia/legacy-knowledge/experience/2026-04-04-optimization-memory-cache-load-hints-skill5.md			nvidia	skipped	corpus-not-needed
05-source-corpus/legacy-knowledge/experience/2026-04-04-optimization-memory-cache-load-hints-skill6.md	corpus/nvidia/legacy-knowledge/experience/2026-04-04-optimization-memory-cache-load-hints-skill6.md			nvidia	skipped	corpus-not-needed
05-source-corpus/legacy-knowledge/experience/2026-04-04-optimization-memory-coalescing-skill1.md	corpus/nvidia/legacy-knowledge/experience/2026-04-04-optimization-memory-coalescing-skill1.md			nvidia	skipped	corpus-not-needed
05-source-corpus/legacy-knowledge/experience/2026-04-04-optimization-memory-layout-transform-skill3.md	corpus/nvidia/legacy-knowledge/experience/2026-04-04-optimization-memory-layout-transform-skill3.md			nvidia	skipped	corpus-not-needed
05-source-corpus/legacy-knowledge/experience/2026-04-04-optimization-memory-layout-transform-skill5.md	corpus/nvidia/legacy-knowledge/experience/2026-04-04-optimization-memory-layout-transform-skill5.md			nvidia	skipped	corpus-not-needed
05-source-corpus/legacy-knowledge/experience/2026-04-04-optimization-memory-numa-binding-skill1.md	corpus/nvidia/legacy-knowledge/experience/2026-04-04-optimization-memory-numa-binding-skill1.md			nvidia	skipped	corpus-not-needed
05-source-corpus/legacy-knowledge/experience/2026-04-04-optimization-memory-numa-binding-skill2.md	corpus/nvidia/legacy-knowledge/experience/2026-04-04-optimization-memory-numa-binding-skill2.md			nvidia	skipped	corpus-not-needed
05-source-corpus/legacy-knowledge/experience/2026-04-04-optimization-memory-unified-memory-skill5.md	corpus/nvidia/legacy-knowledge/experience/2026-04-04-optimization-memory-unified-memory-skill5.md			nvidia	skipped	corpus-not-needed
05-source-corpus/legacy-knowledge/experience/2026-04-04-optimization-memory-unified-memory-skill6.md	corpus/nvidia/legacy-knowledge/experience/2026-04-04-optimization-memory-unified-memory-skill6.md			nvidia	skipped	corpus-not-needed
05-source-corpus/legacy-knowledge/experience/2026-04-04-optimization-memory-vectorized-access-skill1.md	corpus/nvidia/legacy-knowledge/experience/2026-04-04-optimization-memory-vectorized-access-skill1.md			nvidia	skipped	corpus-not-needed
05-source-corpus/legacy-knowledge/experience/2026-04-04-optimization-memory-vectorized-access-skill2.md	corpus/nvidia/legacy-knowledge/experience/2026-04-04-optimization-memory-vectorized-access-skill2.md			nvidia	skipped	corpus-not-needed
05-source-corpus/legacy-knowledge/experience/2026-04-04-optimization-memory-vectorized-access-skill5.md	corpus/nvidia/legacy-knowledge/experience/2026-04-04-optimization-memory-vectorized-access-skill5.md			nvidia	skipped	corpus-not-needed
05-source-corpus/legacy-knowledge/experience/2026-04-04-optimization-synchronization-atomic-reduction-skill1.md	corpus/nvidia/legacy-knowledge/experience/2026-04-04-optimization-synchronization-atomic-reduction-skill1.md			nvidia	skipped	corpus-not-needed
05-source-corpus/legacy-knowledge/experience/2026-04-04-optimization-synchronization-atomic-reduction-skill2.md	corpus/nvidia/legacy-knowledge/experience/2026-04-04-optimization-synchronization-atomic-reduction-skill2.md			nvidia	skipped	corpus-not-needed
05-source-corpus/legacy-knowledge/experience/2026-04-04-optimization-synchronization-atomic-reduction-skill3.md	corpus/nvidia/legacy-knowledge/experience/2026-04-04-optimization-synchronization-atomic-reduction-skill3.md			nvidia	skipped	corpus-not-needed
05-source-corpus/legacy-knowledge/experience/2026-04-04-optimization-synchronization-atomic-reduction-skill4.md	corpus/nvidia/legacy-knowledge/experience/2026-04-04-optimization-synchronization-atomic-reduction-skill4.md			nvidia	skipped	corpus-not-needed
05-source-corpus/legacy-knowledge/experience/2026-04-04-optimization-synchronization-barrier-optimization-skill1.md	corpus/nvidia/legacy-knowledge/experience/2026-04-04-optimization-synchronization-barrier-optimization-skill1.md			nvidia	skipped	corpus-not-needed
05-source-corpus/legacy-knowledge/experience/2026-04-04-optimization-synchronization-barrier-optimization-skill2.md	corpus/nvidia/legacy-knowledge/experience/2026-04-04-optimization-synchronization-barrier-optimization-skill2.md			nvidia	skipped	corpus-not-needed
05-source-corpus/legacy-knowledge/experience/2026-04-04-optimization-synchronization-barrier-optimization-skill5.md	corpus/nvidia/legacy-knowledge/experience/2026-04-04-optimization-synchronization-barrier-optimization-skill5.md			nvidia	skipped	corpus-not-needed
05-source-corpus/legacy-knowledge/experience/2026-04-04-optimization-synchronization-barrier-optimization-skill6.md	corpus/nvidia/legacy-knowledge/experience/2026-04-04-optimization-synchronization-barrier-optimization-skill6.md			nvidia	skipped	corpus-not-needed
05-source-corpus/legacy-knowledge/experience/2026-04-04-optimization-synchronization-cooperative-groups-skill1.md	corpus/nvidia/legacy-knowledge/experience/2026-04-04-optimization-synchronization-cooperative-groups-skill1.md			nvidia	skipped	corpus-not-needed
05-source-corpus/legacy-knowledge/experience/2026-04-05-optimization-compute-compiler-hints-skill2.md	corpus/nvidia/legacy-knowledge/experience/2026-04-05-optimization-compute-compiler-hints-skill2.md			nvidia	skipped	corpus-not-needed
05-source-corpus/legacy-knowledge/experience/2026-04-05-optimization-compute-compiler-hints-skill3.md	corpus/nvidia/legacy-knowledge/experience/2026-04-05-optimization-compute-compiler-hints-skill3.md			nvidia	skipped	corpus-not-needed
05-source-corpus/legacy-knowledge/experience/2026-04-05-optimization-compute-compiler-hints-skill4.md	corpus/nvidia/legacy-knowledge/experience/2026-04-05-optimization-compute-compiler-hints-skill4.md			nvidia	skipped	corpus-not-needed
05-source-corpus/legacy-knowledge/experience/2026-04-05-optimization-compute-compiler-hints-skill5.md	corpus/nvidia/legacy-knowledge/experience/2026-04-05-optimization-compute-compiler-hints-skill5.md			nvidia	skipped	corpus-not-needed
05-source-corpus/legacy-knowledge/experience/2026-04-05-optimization-compute-compiler-hints-skill6.md	corpus/nvidia/legacy-knowledge/experience/2026-04-05-optimization-compute-compiler-hints-skill6.md			nvidia	skipped	corpus-not-needed
05-source-corpus/legacy-knowledge/experience/2026-04-05-optimization-compute-compiler-hints-skill7.md	corpus/nvidia/legacy-knowledge/experience/2026-04-05-optimization-compute-compiler-hints-skill7.md			nvidia	skipped	corpus-not-needed
05-source-corpus/legacy-knowledge/experience/2026-04-05-optimization-compute-half-precision-math-skill3.md	corpus/nvidia/legacy-knowledge/experience/2026-04-05-optimization-compute-half-precision-math-skill3.md			nvidia	skipped	corpus-not-needed
05-source-corpus/legacy-knowledge/experience/2026-04-05-optimization-compute-half-precision-math-skill4.md	corpus/nvidia/legacy-knowledge/experience/2026-04-05-optimization-compute-half-precision-math-skill4.md			nvidia	skipped	corpus-not-needed
05-source-corpus/legacy-knowledge/experience/2026-04-05-optimization-compute-half-precision-math-skill5.md	corpus/nvidia/legacy-knowledge/experience/2026-04-05-optimization-compute-half-precision-math-skill5.md			nvidia	skipped	corpus-not-needed
05-source-corpus/legacy-knowledge/experience/2026-04-05-optimization-compute-half-precision-math-skill6.md	corpus/nvidia/legacy-knowledge/experience/2026-04-05-optimization-compute-half-precision-math-skill6.md			nvidia	skipped	corpus-not-needed
05-source-corpus/legacy-knowledge/experience/2026-04-05-optimization-compute-instruction-level-parallelism-skill1.md	corpus/nvidia/legacy-knowledge/experience/2026-04-05-optimization-compute-instruction-level-parallelism-skill1.md			nvidia	skipped	corpus-not-needed
05-source-corpus/legacy-knowledge/experience/2026-04-05-optimization-memory-coalescing-skill2.md	corpus/nvidia/legacy-knowledge/experience/2026-04-05-optimization-memory-coalescing-skill2.md			nvidia	skipped	corpus-not-needed
05-source-corpus/legacy-knowledge/experience/2026-04-05-optimization-memory-coalescing-skill3.md	corpus/nvidia/legacy-knowledge/experience/2026-04-05-optimization-memory-coalescing-skill3.md			nvidia	skipped	corpus-not-needed
05-source-corpus/legacy-knowledge/experience/2026-04-05-optimization-memory-coalescing-skill4.md	corpus/nvidia/legacy-knowledge/experience/2026-04-05-optimization-memory-coalescing-skill4.md			nvidia	skipped	corpus-not-needed
05-source-corpus/legacy-knowledge/experience/2026-04-05-optimization-memory-coalescing-skill5.md	corpus/nvidia/legacy-knowledge/experience/2026-04-05-optimization-memory-coalescing-skill5.md			nvidia	skipped	corpus-not-needed
05-source-corpus/legacy-knowledge/experience/2026-04-05-optimization-memory-coalescing-skill6.md	corpus/nvidia/legacy-knowledge/experience/2026-04-05-optimization-memory-coalescing-skill6.md			nvidia	skipped	corpus-not-needed
05-source-corpus/legacy-knowledge/experience/2026-04-05-optimization-memory-data-prefetch-skill1.md	corpus/nvidia/legacy-knowledge/experience/2026-04-05-optimization-memory-data-prefetch-skill1.md			nvidia	skipped	corpus-not-needed
05-source-corpus/legacy-knowledge/experience/2026-04-05-optimization-memory-data-prefetch-skill3.md	corpus/nvidia/legacy-knowledge/experience/2026-04-05-optimization-memory-data-prefetch-skill3.md			nvidia	skipped	corpus-not-needed
05-source-corpus/legacy-knowledge/experience/2026-04-05-optimization-memory-data-prefetch-skill4.md	corpus/nvidia/legacy-knowledge/experience/2026-04-05-optimization-memory-data-prefetch-skill4.md			nvidia	skipped	corpus-not-needed
05-source-corpus/legacy-knowledge/experience/2026-04-05-optimization-memory-data-prefetch-skill5.md	corpus/nvidia/legacy-knowledge/experience/2026-04-05-optimization-memory-data-prefetch-skill5.md			nvidia	skipped	corpus-not-needed
05-source-corpus/legacy-knowledge/experience/2026-04-05-optimization-memory-data-prefetch-skill6.md	corpus/nvidia/legacy-knowledge/experience/2026-04-05-optimization-memory-data-prefetch-skill6.md			nvidia	skipped	corpus-not-needed
05-source-corpus/legacy-knowledge/experience/2026-04-05-optimization-memory-host-device-transfer-skill5.md	corpus/nvidia/legacy-knowledge/experience/2026-04-05-optimization-memory-host-device-transfer-skill5.md			nvidia	skipped	corpus-not-needed
05-source-corpus/legacy-knowledge/experience/2026-04-05-optimization-memory-host-device-transfer-skill6.md	corpus/nvidia/legacy-knowledge/experience/2026-04-05-optimization-memory-host-device-transfer-skill6.md			nvidia	skipped	corpus-not-needed
05-source-corpus/legacy-knowledge/experience/2026-04-05-optimization-memory-l2-cache-control-skill1.md	corpus/nvidia/legacy-knowledge/experience/2026-04-05-optimization-memory-l2-cache-control-skill1.md			nvidia	skipped	corpus-not-needed
05-source-corpus/legacy-knowledge/experience/2026-04-05-optimization-memory-l2-cache-control-skill2.md	corpus/nvidia/legacy-knowledge/experience/2026-04-05-optimization-memory-l2-cache-control-skill2.md			nvidia	skipped	corpus-not-needed
05-source-corpus/legacy-knowledge/experience/2026-04-05-optimization-memory-l2-cache-control-skill3.md	corpus/nvidia/legacy-knowledge/experience/2026-04-05-optimization-memory-l2-cache-control-skill3.md			nvidia	skipped	corpus-not-needed
05-source-corpus/legacy-knowledge/experience/2026-04-05-optimization-memory-l2-cache-control-skill4.md	corpus/nvidia/legacy-knowledge/experience/2026-04-05-optimization-memory-l2-cache-control-skill4.md			nvidia	skipped	corpus-not-needed
05-source-corpus/legacy-knowledge/experience/2026-04-05-optimization-memory-l2-cache-control-skill5.md	corpus/nvidia/legacy-knowledge/experience/2026-04-05-optimization-memory-l2-cache-control-skill5.md			nvidia	skipped	corpus-not-needed
05-source-corpus/legacy-knowledge/experience/2026-04-05-optimization-memory-layout-transform-skill1.md	corpus/nvidia/legacy-knowledge/experience/2026-04-05-optimization-memory-layout-transform-skill1.md			nvidia	skipped	corpus-not-needed
05-source-corpus/legacy-knowledge/experience/2026-04-05-optimization-memory-layout-transform-skill2.md	corpus/nvidia/legacy-knowledge/experience/2026-04-05-optimization-memory-layout-transform-skill2.md			nvidia	skipped	corpus-not-needed
05-source-corpus/legacy-knowledge/experience/2026-04-05-optimization-memory-numa-binding-skill4.md	corpus/nvidia/legacy-knowledge/experience/2026-04-05-optimization-memory-numa-binding-skill4.md			nvidia	skipped	corpus-not-needed
05-source-corpus/legacy-knowledge/experience/2026-04-05-optimization-memory-numa-binding-skill5.md	corpus/nvidia/legacy-knowledge/experience/2026-04-05-optimization-memory-numa-binding-skill5.md			nvidia	skipped	corpus-not-needed
05-source-corpus/legacy-knowledge/experience/2026-04-05-optimization-memory-register-pressure-skill1.md	corpus/nvidia/legacy-knowledge/experience/2026-04-05-optimization-memory-register-pressure-skill1.md			nvidia	skipped	corpus-not-needed
05-source-corpus/legacy-knowledge/experience/2026-04-05-optimization-memory-register-pressure-skill2.md	corpus/nvidia/legacy-knowledge/experience/2026-04-05-optimization-memory-register-pressure-skill2.md			nvidia	skipped	corpus-not-needed
05-source-corpus/legacy-knowledge/experience/2026-04-05-optimization-memory-register-pressure-skill3.md	corpus/nvidia/legacy-knowledge/experience/2026-04-05-optimization-memory-register-pressure-skill3.md			nvidia	skipped	corpus-not-needed
05-source-corpus/legacy-knowledge/experience/2026-04-05-optimization-memory-register-pressure-skill4.md	corpus/nvidia/legacy-knowledge/experience/2026-04-05-optimization-memory-register-pressure-skill4.md			nvidia	skipped	corpus-not-needed
05-source-corpus/legacy-knowledge/experience/2026-04-05-optimization-memory-register-pressure-skill5.md	corpus/nvidia/legacy-knowledge/experience/2026-04-05-optimization-memory-register-pressure-skill5.md			nvidia	skipped	corpus-not-needed
05-source-corpus/legacy-knowledge/experience/2026-04-05-optimization-memory-shared-memory-cache-skill1.md	corpus/nvidia/legacy-knowledge/experience/2026-04-05-optimization-memory-shared-memory-cache-skill1.md			nvidia	skipped	corpus-not-needed
05-source-corpus/legacy-knowledge/experience/2026-04-05-optimization-memory-shared-memory-cache-skill2.md	corpus/nvidia/legacy-knowledge/experience/2026-04-05-optimization-memory-shared-memory-cache-skill2.md			nvidia	skipped	corpus-not-needed
05-source-corpus/legacy-knowledge/experience/2026-04-05-optimization-memory-shared-memory-cache-skill3.md	corpus/nvidia/legacy-knowledge/experience/2026-04-05-optimization-memory-shared-memory-cache-skill3.md			nvidia	skipped	corpus-not-needed
05-source-corpus/legacy-knowledge/experience/2026-04-05-optimization-memory-shared-memory-cache-skill4.md	corpus/nvidia/legacy-knowledge/experience/2026-04-05-optimization-memory-shared-memory-cache-skill4.md			nvidia	skipped	corpus-not-needed
05-source-corpus/legacy-knowledge/experience/2026-04-05-optimization-memory-shared-memory-cache-skill5.md	corpus/nvidia/legacy-knowledge/experience/2026-04-05-optimization-memory-shared-memory-cache-skill5.md			nvidia	skipped	corpus-not-needed
05-source-corpus/legacy-knowledge/experience/2026-04-05-optimization-memory-unified-memory-skill1.md	corpus/nvidia/legacy-knowledge/experience/2026-04-05-optimization-memory-unified-memory-skill1.md			nvidia	skipped	corpus-not-needed
05-source-corpus/legacy-knowledge/experience/2026-04-05-optimization-memory-unified-memory-skill2.md	corpus/nvidia/legacy-knowledge/experience/2026-04-05-optimization-memory-unified-memory-skill2.md			nvidia	skipped	corpus-not-needed
05-source-corpus/legacy-knowledge/experience/2026-04-05-optimization-memory-unified-memory-skill3.md	corpus/nvidia/legacy-knowledge/experience/2026-04-05-optimization-memory-unified-memory-skill3.md			nvidia	skipped	corpus-not-needed
05-source-corpus/legacy-knowledge/experience/2026-04-05-optimization-memory-unified-memory-skill4.md	corpus/nvidia/legacy-knowledge/experience/2026-04-05-optimization-memory-unified-memory-skill4.md			nvidia	skipped	corpus-not-needed
05-source-corpus/legacy-knowledge/experience/2026-04-05-pattern-attention-skill6.md	corpus/nvidia/legacy-knowledge/experience/2026-04-05-pattern-attention-skill6.md			nvidia	skipped	corpus-not-needed
05-source-corpus/legacy-knowledge/experience/2026-04-05-pattern-attention-skill7.md	corpus/nvidia/legacy-knowledge/experience/2026-04-05-pattern-attention-skill7.md			nvidia	skipped	corpus-not-needed
05-source-corpus/legacy-knowledge/experience/2026-04-05-pattern-elementwise-skill1.md	corpus/nvidia/legacy-knowledge/experience/2026-04-05-pattern-elementwise-skill1.md			nvidia	skipped	corpus-not-needed
05-source-corpus/legacy-knowledge/experience/2026-04-05-pattern-elementwise-skill2.md	corpus/nvidia/legacy-knowledge/experience/2026-04-05-pattern-elementwise-skill2.md			nvidia	skipped	corpus-not-needed
05-source-corpus/legacy-knowledge/experience/2026-04-05-pattern-elementwise-skill3.md	corpus/nvidia/legacy-knowledge/experience/2026-04-05-pattern-elementwise-skill3.md			nvidia	skipped	corpus-not-needed
05-source-corpus/legacy-knowledge/experience/2026-04-05-pattern-elementwise-skill5.md	corpus/nvidia/legacy-knowledge/experience/2026-04-05-pattern-elementwise-skill5.md			nvidia	skipped	corpus-not-needed
05-source-corpus/legacy-knowledge/experience/2026-04-05-pattern-elementwise-skill6.md	corpus/nvidia/legacy-knowledge/experience/2026-04-05-pattern-elementwise-skill6.md			nvidia	skipped	corpus-not-needed
05-source-corpus/legacy-knowledge/experience/2026-04-05-pattern-elementwise-skill7.md	corpus/nvidia/legacy-knowledge/experience/2026-04-05-pattern-elementwise-skill7.md			nvidia	skipped	corpus-not-needed
05-source-corpus/legacy-knowledge/experience/2026-04-05-pattern-gemm-cublas-integration-skill1.md	corpus/nvidia/legacy-knowledge/experience/2026-04-05-pattern-gemm-cublas-integration-skill1.md			nvidia	skipped	corpus-not-needed
05-source-corpus/legacy-knowledge/experience/2026-04-05-pattern-gemm-cublas-integration-skill2.md	corpus/nvidia/legacy-knowledge/experience/2026-04-05-pattern-gemm-cublas-integration-skill2.md			nvidia	skipped	corpus-not-needed
05-source-corpus/legacy-knowledge/experience/2026-04-05-pattern-gemm-cublas-integration-skill3.md	corpus/nvidia/legacy-knowledge/experience/2026-04-05-pattern-gemm-cublas-integration-skill3.md			nvidia	skipped	corpus-not-needed
05-source-corpus/legacy-knowledge/experience/2026-04-05-pattern-gemm-cublas-integration-skill4.md	corpus/nvidia/legacy-knowledge/experience/2026-04-05-pattern-gemm-cublas-integration-skill4.md			nvidia	skipped	corpus-not-needed
05-source-corpus/legacy-knowledge/experience/2026-04-05-pattern-gemm-cublas-integration-skill5.md	corpus/nvidia/legacy-knowledge/experience/2026-04-05-pattern-gemm-cublas-integration-skill5.md			nvidia	skipped	corpus-not-needed
05-source-corpus/legacy-knowledge/experience/2026-04-05-pattern-gemm-cublas-integration-skill6.md	corpus/nvidia/legacy-knowledge/experience/2026-04-05-pattern-gemm-cublas-integration-skill6.md			nvidia	skipped	corpus-not-needed
05-source-corpus/legacy-knowledge/experience/2026-04-05-pattern-gemm-pipeline-overlap-skill3.md	corpus/nvidia/legacy-knowledge/experience/2026-04-05-pattern-gemm-pipeline-overlap-skill3.md			nvidia	skipped	corpus-not-needed
05-source-corpus/legacy-knowledge/experience/2026-04-05-pattern-gemm-pipeline-overlap-skill4.md	corpus/nvidia/legacy-knowledge/experience/2026-04-05-pattern-gemm-pipeline-overlap-skill4.md			nvidia	skipped	corpus-not-needed
05-source-corpus/legacy-knowledge/experience/2026-04-06-optimization-compute-instruction-level-parallelism-skill3.md	corpus/nvidia/legacy-knowledge/experience/2026-04-06-optimization-compute-instruction-level-parallelism-skill3.md			nvidia	skipped	corpus-not-needed
05-source-corpus/legacy-knowledge/experience/2026-04-06-optimization-compute-instruction-level-parallelism-skill4.md	corpus/nvidia/legacy-knowledge/experience/2026-04-06-optimization-compute-instruction-level-parallelism-skill4.md			nvidia	skipped	corpus-not-needed
05-source-corpus/legacy-knowledge/experience/2026-04-06-optimization-compute-operator-fusion-skill1.md	corpus/nvidia/legacy-knowledge/experience/2026-04-06-optimization-compute-operator-fusion-skill1.md			nvidia	skipped	corpus-not-needed
05-source-corpus/legacy-knowledge/experience/2026-04-06-optimization-compute-operator-fusion-skill3.md	corpus/nvidia/legacy-knowledge/experience/2026-04-06-optimization-compute-operator-fusion-skill3.md			nvidia	skipped	corpus-not-needed
05-source-corpus/legacy-knowledge/experience/2026-04-06-optimization-compute-operator-fusion-skill4.md	corpus/nvidia/legacy-knowledge/experience/2026-04-06-optimization-compute-operator-fusion-skill4.md			nvidia	skipped	corpus-not-needed
05-source-corpus/legacy-knowledge/experience/2026-04-06-optimization-compute-operator-fusion-skill5.md	corpus/nvidia/legacy-knowledge/experience/2026-04-06-optimization-compute-operator-fusion-skill5.md			nvidia	skipped	corpus-not-needed
05-source-corpus/legacy-knowledge/experience/2026-04-06-optimization-compute-tensor-core-skill1.md	corpus/nvidia/legacy-knowledge/experience/2026-04-06-optimization-compute-tensor-core-skill1.md			nvidia	skipped	corpus-not-needed
05-source-corpus/legacy-knowledge/experience/2026-04-06-optimization-compute-warp-primitives-skill1.md	corpus/nvidia/legacy-knowledge/experience/2026-04-06-optimization-compute-warp-primitives-skill1.md			nvidia	skipped	corpus-not-needed
05-source-corpus/legacy-knowledge/experience/2026-04-06-optimization-compute-warp-primitives-skill2.md	corpus/nvidia/legacy-knowledge/experience/2026-04-06-optimization-compute-warp-primitives-skill2.md			nvidia	skipped	corpus-not-needed
05-source-corpus/legacy-knowledge/experience/2026-04-06-optimization-compute-warp-primitives-skill3.md	corpus/nvidia/legacy-knowledge/experience/2026-04-06-optimization-compute-warp-primitives-skill3.md			nvidia	skipped	corpus-not-needed
05-source-corpus/legacy-knowledge/experience/2026-04-06-optimization-compute-warp-primitives-skill5.md	corpus/nvidia/legacy-knowledge/experience/2026-04-06-optimization-compute-warp-primitives-skill5.md			nvidia	skipped	corpus-not-needed
05-source-corpus/legacy-knowledge/experience/2026-04-06-optimization-compute-warp-primitives-skill6.md	corpus/nvidia/legacy-knowledge/experience/2026-04-06-optimization-compute-warp-primitives-skill6.md			nvidia	skipped	corpus-not-needed
05-source-corpus/legacy-knowledge/experience/2026-04-06-optimization-compute-warp-specialization-skill1.md	corpus/nvidia/legacy-knowledge/experience/2026-04-06-optimization-compute-warp-specialization-skill1.md			nvidia	skipped	corpus-not-needed
05-source-corpus/legacy-knowledge/experience/2026-04-06-optimization-compute-warp-specialization-skill2.md	corpus/nvidia/legacy-knowledge/experience/2026-04-06-optimization-compute-warp-specialization-skill2.md			nvidia	skipped	corpus-not-needed
05-source-corpus/legacy-knowledge/experience/2026-04-06-optimization-compute-warp-specialization-skill4.md	corpus/nvidia/legacy-knowledge/experience/2026-04-06-optimization-compute-warp-specialization-skill4.md			nvidia	skipped	corpus-not-needed
05-source-corpus/legacy-knowledge/experience/2026-04-06-optimization-compute-warp-specialization-skill5.md	corpus/nvidia/legacy-knowledge/experience/2026-04-06-optimization-compute-warp-specialization-skill5.md			nvidia	skipped	corpus-not-needed
05-source-corpus/legacy-knowledge/experience/2026-04-06-optimization-latency-context-management-skill1.md	corpus/nvidia/legacy-knowledge/experience/2026-04-06-optimization-latency-context-management-skill1.md			nvidia	skipped	corpus-not-needed
05-source-corpus/legacy-knowledge/experience/2026-04-06-optimization-latency-context-management-skill3.md	corpus/nvidia/legacy-knowledge/experience/2026-04-06-optimization-latency-context-management-skill3.md			nvidia	skipped	corpus-not-needed
05-source-corpus/legacy-knowledge/experience/2026-04-06-optimization-latency-cuda-graphs-skill3.md	corpus/nvidia/legacy-knowledge/experience/2026-04-06-optimization-latency-cuda-graphs-skill3.md			nvidia	skipped	corpus-not-needed
05-source-corpus/legacy-knowledge/experience/2026-04-06-optimization-latency-gpu-library-usage-skill2.md	corpus/nvidia/legacy-knowledge/experience/2026-04-06-optimization-latency-gpu-library-usage-skill2.md			nvidia	skipped	corpus-not-needed
05-source-corpus/legacy-knowledge/experience/2026-04-06-optimization-latency-gpu-library-usage-skill3.md	corpus/nvidia/legacy-knowledge/experience/2026-04-06-optimization-latency-gpu-library-usage-skill3.md			nvidia	skipped	corpus-not-needed
05-source-corpus/legacy-knowledge/experience/2026-04-06-optimization-latency-gpu-library-usage-skill4.md	corpus/nvidia/legacy-knowledge/experience/2026-04-06-optimization-latency-gpu-library-usage-skill4.md			nvidia	skipped	corpus-not-needed
05-source-corpus/legacy-knowledge/experience/2026-04-06-optimization-latency-gpu-library-usage-skill5.md	corpus/nvidia/legacy-knowledge/experience/2026-04-06-optimization-latency-gpu-library-usage-skill5.md			nvidia	skipped	corpus-not-needed
05-source-corpus/legacy-knowledge/experience/2026-04-06-optimization-latency-kernel-launch-overhead-skill4.md	corpus/nvidia/legacy-knowledge/experience/2026-04-06-optimization-latency-kernel-launch-overhead-skill4.md			nvidia	skipped	corpus-not-needed
05-source-corpus/legacy-knowledge/experience/2026-04-06-optimization-latency-kernel-launch-overhead-skill5.md	corpus/nvidia/legacy-knowledge/experience/2026-04-06-optimization-latency-kernel-launch-overhead-skill5.md			nvidia	skipped	corpus-not-needed
05-source-corpus/legacy-knowledge/experience/2026-04-06-optimization-latency-occupancy-tuning-skill1.md	corpus/nvidia/legacy-knowledge/experience/2026-04-06-optimization-latency-occupancy-tuning-skill1.md			nvidia	skipped	corpus-not-needed
05-source-corpus/legacy-knowledge/experience/2026-04-06-optimization-latency-stream-concurrency-skill2.md	corpus/nvidia/legacy-knowledge/experience/2026-04-06-optimization-latency-stream-concurrency-skill2.md			nvidia	skipped	corpus-not-needed
05-source-corpus/legacy-knowledge/experience/2026-04-06-optimization-latency-stream-concurrency-skill4.md	corpus/nvidia/legacy-knowledge/experience/2026-04-06-optimization-latency-stream-concurrency-skill4.md			nvidia	skipped	corpus-not-needed
05-source-corpus/legacy-knowledge/experience/2026-04-06-optimization-latency-stream-concurrency-skill5.md	corpus/nvidia/legacy-knowledge/experience/2026-04-06-optimization-latency-stream-concurrency-skill5.md			nvidia	skipped	corpus-not-needed
05-source-corpus/legacy-knowledge/experience/2026-04-06-optimization-latency-warp-divergence-skill1.md	corpus/nvidia/legacy-knowledge/experience/2026-04-06-optimization-latency-warp-divergence-skill1.md			nvidia	skipped	corpus-not-needed
05-source-corpus/legacy-knowledge/experience/2026-04-06-optimization-latency-warp-divergence-skill3.md	corpus/nvidia/legacy-knowledge/experience/2026-04-06-optimization-latency-warp-divergence-skill3.md			nvidia	skipped	corpus-not-needed
05-source-corpus/legacy-knowledge/experience/2026-04-06-optimization-latency-warp-divergence-skill4.md	corpus/nvidia/legacy-knowledge/experience/2026-04-06-optimization-latency-warp-divergence-skill4.md			nvidia	skipped	corpus-not-needed
05-source-corpus/legacy-knowledge/experience/2026-04-06-optimization-latency-warp-divergence-skill5.md	corpus/nvidia/legacy-knowledge/experience/2026-04-06-optimization-latency-warp-divergence-skill5.md			nvidia	skipped	corpus-not-needed
05-source-corpus/legacy-knowledge/experience/2026-04-06-optimization-synchronization-cooperative-groups-skill2.md	corpus/nvidia/legacy-knowledge/experience/2026-04-06-optimization-synchronization-cooperative-groups-skill2.md			nvidia	skipped	corpus-not-needed
05-source-corpus/legacy-knowledge/experience/2026-04-06-optimization-synchronization-cooperative-groups-skill3.md	corpus/nvidia/legacy-knowledge/experience/2026-04-06-optimization-synchronization-cooperative-groups-skill3.md			nvidia	skipped	corpus-not-needed
05-source-corpus/legacy-knowledge/experience/2026-04-06-optimization-synchronization-cooperative-groups-skill5.md	corpus/nvidia/legacy-knowledge/experience/2026-04-06-optimization-synchronization-cooperative-groups-skill5.md			nvidia	skipped	corpus-not-needed
05-source-corpus/legacy-knowledge/experience/2026-04-06-optimization-synchronization-memory-sync-domains-skill2.md	corpus/nvidia/legacy-knowledge/experience/2026-04-06-optimization-synchronization-memory-sync-domains-skill2.md			nvidia	skipped	corpus-not-needed
05-source-corpus/legacy-knowledge/experience/2026-04-06-optimization-synchronization-memory-sync-domains-skill3.md	corpus/nvidia/legacy-knowledge/experience/2026-04-06-optimization-synchronization-memory-sync-domains-skill3.md			nvidia	skipped	corpus-not-needed
05-source-corpus/legacy-knowledge/experience/2026-04-06-optimization-synchronization-memory-sync-domains-skill4.md	corpus/nvidia/legacy-knowledge/experience/2026-04-06-optimization-synchronization-memory-sync-domains-skill4.md			nvidia	skipped	corpus-not-needed
05-source-corpus/legacy-knowledge/experience/2026-04-06-optimization-synchronization-thread-scopes-skill2.md	corpus/nvidia/legacy-knowledge/experience/2026-04-06-optimization-synchronization-thread-scopes-skill2.md			nvidia	skipped	corpus-not-needed
05-source-corpus/legacy-knowledge/experience/2026-04-06-optimization-synchronization-thread-scopes-skill3.md	corpus/nvidia/legacy-knowledge/experience/2026-04-06-optimization-synchronization-thread-scopes-skill3.md			nvidia	skipped	corpus-not-needed
05-source-corpus/legacy-knowledge/experience/2026-04-06-optimization-synchronization-thread-scopes-skill4.md	corpus/nvidia/legacy-knowledge/experience/2026-04-06-optimization-synchronization-thread-scopes-skill4.md			nvidia	skipped	corpus-not-needed
05-source-corpus/legacy-knowledge/experience/2026-04-06-optimization-synchronization-thread-scopes-skill5.md	corpus/nvidia/legacy-knowledge/experience/2026-04-06-optimization-synchronization-thread-scopes-skill5.md			nvidia	skipped	corpus-not-needed
05-source-corpus/legacy-knowledge/experience/2026-04-06-pattern-gemm-pipeline-overlap-skill6.md	corpus/nvidia/legacy-knowledge/experience/2026-04-06-pattern-gemm-pipeline-overlap-skill6.md			nvidia	skipped	corpus-not-needed
05-source-corpus/legacy-knowledge/experience/2026-04-06-pattern-gemm-pipeline-overlap-skill7.md	corpus/nvidia/legacy-knowledge/experience/2026-04-06-pattern-gemm-pipeline-overlap-skill7.md			nvidia	skipped	corpus-not-needed
05-source-corpus/legacy-knowledge/experience/2026-04-06-pattern-gemm-tiling-strategy-skill1.md	corpus/nvidia/legacy-knowledge/experience/2026-04-06-pattern-gemm-tiling-strategy-skill1.md			nvidia	skipped	corpus-not-needed
05-source-corpus/legacy-knowledge/experience/2026-04-06-pattern-gemm-tiling-strategy-skill3.md	corpus/nvidia/legacy-knowledge/experience/2026-04-06-pattern-gemm-tiling-strategy-skill3.md			nvidia	skipped	corpus-not-needed
05-source-corpus/legacy-knowledge/experience/2026-04-06-pattern-gemm-tiling-strategy-skill4.md	corpus/nvidia/legacy-knowledge/experience/2026-04-06-pattern-gemm-tiling-strategy-skill4.md			nvidia	skipped	corpus-not-needed
05-source-corpus/legacy-knowledge/experience/2026-04-06-pattern-gemm-tiling-strategy-skill5.md	corpus/nvidia/legacy-knowledge/experience/2026-04-06-pattern-gemm-tiling-strategy-skill5.md			nvidia	skipped	corpus-not-needed
05-source-corpus/legacy-knowledge/experience/2026-04-06-pattern-gemm-tiling-strategy-skill6.md	corpus/nvidia/legacy-knowledge/experience/2026-04-06-pattern-gemm-tiling-strategy-skill6.md			nvidia	skipped	corpus-not-needed
05-source-corpus/legacy-knowledge/experience/2026-04-06-pattern-gemm-tiling-strategy-skill7.md	corpus/nvidia/legacy-knowledge/experience/2026-04-06-pattern-gemm-tiling-strategy-skill7.md			nvidia	skipped	corpus-not-needed
05-source-corpus/legacy-knowledge/experience/2026-04-06-pattern-gemm-warp-specialization-skill1.md	corpus/nvidia/legacy-knowledge/experience/2026-04-06-pattern-gemm-warp-specialization-skill1.md			nvidia	skipped	corpus-not-needed
05-source-corpus/legacy-knowledge/experience/2026-04-06-pattern-gemm-warp-specialization-skill4.md	corpus/nvidia/legacy-knowledge/experience/2026-04-06-pattern-gemm-warp-specialization-skill4.md			nvidia	skipped	corpus-not-needed
05-source-corpus/legacy-knowledge/experience/2026-04-06-pattern-normalization-skill1.md	corpus/nvidia/legacy-knowledge/experience/2026-04-06-pattern-normalization-skill1.md			nvidia	skipped	corpus-not-needed
05-source-corpus/legacy-knowledge/experience/2026-04-06-pattern-normalization-skill2.md	corpus/nvidia/legacy-knowledge/experience/2026-04-06-pattern-normalization-skill2.md			nvidia	skipped	corpus-not-needed
05-source-corpus/legacy-knowledge/experience/2026-04-06-pattern-normalization-skill3.md	corpus/nvidia/legacy-knowledge/experience/2026-04-06-pattern-normalization-skill3.md			nvidia	skipped	corpus-not-needed
05-source-corpus/legacy-knowledge/experience/2026-04-06-pattern-normalization-skill4.md	corpus/nvidia/legacy-knowledge/experience/2026-04-06-pattern-normalization-skill4.md			nvidia	skipped	corpus-not-needed
05-source-corpus/legacy-knowledge/experience/2026-04-06-pattern-normalization-skill5.md	corpus/nvidia/legacy-knowledge/experience/2026-04-06-pattern-normalization-skill5.md			nvidia	skipped	corpus-not-needed
05-source-corpus/legacy-knowledge/experience/2026-04-06-pattern-normalization-skill6.md	corpus/nvidia/legacy-knowledge/experience/2026-04-06-pattern-normalization-skill6.md			nvidia	skipped	corpus-not-needed
05-source-corpus/legacy-knowledge/experience/2026-04-06-pattern-pooling-skill1.md	corpus/nvidia/legacy-knowledge/experience/2026-04-06-pattern-pooling-skill1.md			nvidia	skipped	corpus-not-needed
05-source-corpus/legacy-knowledge/experience/2026-04-06-pattern-pooling-skill2.md	corpus/nvidia/legacy-knowledge/experience/2026-04-06-pattern-pooling-skill2.md			nvidia	skipped	corpus-not-needed
05-source-corpus/legacy-knowledge/experience/2026-04-06-pattern-pooling-skill3.md	corpus/nvidia/legacy-knowledge/experience/2026-04-06-pattern-pooling-skill3.md			nvidia	skipped	corpus-not-needed
05-source-corpus/legacy-knowledge/experience/2026-04-06-pattern-pooling-skill4.md	corpus/nvidia/legacy-knowledge/experience/2026-04-06-pattern-pooling-skill4.md			nvidia	skipped	corpus-not-needed
05-source-corpus/legacy-knowledge/experience/2026-04-06-pattern-pooling-skill5.md	corpus/nvidia/legacy-knowledge/experience/2026-04-06-pattern-pooling-skill5.md			nvidia	skipped	corpus-not-needed
05-source-corpus/legacy-knowledge/experience/2026-04-06-pattern-pooling-skill7.md	corpus/nvidia/legacy-knowledge/experience/2026-04-06-pattern-pooling-skill7.md			nvidia	skipped	corpus-not-needed
05-source-corpus/legacy-knowledge/experience/2026-04-06-pattern-pooling-skill8.md	corpus/nvidia/legacy-knowledge/experience/2026-04-06-pattern-pooling-skill8.md			nvidia	skipped	corpus-not-needed
05-source-corpus/legacy-knowledge/experience/2026-04-06-pattern-reduction-skill1.md	corpus/nvidia/legacy-knowledge/experience/2026-04-06-pattern-reduction-skill1.md			nvidia	skipped	corpus-not-needed
05-source-corpus/legacy-knowledge/experience/2026-04-06-pattern-reduction-skill2.md	corpus/nvidia/legacy-knowledge/experience/2026-04-06-pattern-reduction-skill2.md			nvidia	skipped	corpus-not-needed
05-source-corpus/legacy-knowledge/experience/2026-04-06-pattern-reduction-skill4.md	corpus/nvidia/legacy-knowledge/experience/2026-04-06-pattern-reduction-skill4.md			nvidia	skipped	corpus-not-needed
05-source-corpus/legacy-knowledge/experience/2026-04-06-pattern-reduction-skill5.md	corpus/nvidia/legacy-knowledge/experience/2026-04-06-pattern-reduction-skill5.md			nvidia	skipped	corpus-not-needed
05-source-corpus/legacy-knowledge/experience/2026-04-06-pattern-reduction-skill6.md	corpus/nvidia/legacy-knowledge/experience/2026-04-06-pattern-reduction-skill6.md			nvidia	skipped	corpus-not-needed
05-source-corpus/legacy-knowledge/experience/2026-04-06-pattern-scan-cumulative-skill1.md	corpus/nvidia/legacy-knowledge/experience/2026-04-06-pattern-scan-cumulative-skill1.md			nvidia	skipped	corpus-not-needed
05-source-corpus/legacy-knowledge/experience/2026-04-06-pattern-scan-cumulative-skill2.md	corpus/nvidia/legacy-knowledge/experience/2026-04-06-pattern-scan-cumulative-skill2.md			nvidia	skipped	corpus-not-needed
05-source-corpus/legacy-knowledge/experience/2026-04-06-pattern-scan-cumulative-skill3.md	corpus/nvidia/legacy-knowledge/experience/2026-04-06-pattern-scan-cumulative-skill3.md			nvidia	skipped	corpus-not-needed
05-source-corpus/legacy-knowledge/experience/2026-04-06-pattern-scan-cumulative-skill4.md	corpus/nvidia/legacy-knowledge/experience/2026-04-06-pattern-scan-cumulative-skill4.md			nvidia	skipped	corpus-not-needed
05-source-corpus/legacy-knowledge/experience/2026-04-06-pattern-scan-cumulative-skill5.md	corpus/nvidia/legacy-knowledge/experience/2026-04-06-pattern-scan-cumulative-skill5.md			nvidia	skipped	corpus-not-needed
05-source-corpus/legacy-knowledge/experience/2026-04-06-pattern-scan-cumulative-skill6.md	corpus/nvidia/legacy-knowledge/experience/2026-04-06-pattern-scan-cumulative-skill6.md			nvidia	skipped	corpus-not-needed
05-source-corpus/legacy-knowledge/experience/2026-04-06-pattern-scan-cumulative-skill7.md	corpus/nvidia/legacy-knowledge/experience/2026-04-06-pattern-scan-cumulative-skill7.md			nvidia	skipped	corpus-not-needed
05-source-corpus/legacy-knowledge/experience/2026-04-07-optimization-compute-warp-primitives-skill4.md	corpus/nvidia/legacy-knowledge/experience/2026-04-07-optimization-compute-warp-primitives-skill4.md			nvidia	skipped	corpus-not-needed
05-source-corpus/legacy-knowledge/experience/2026-04-07-optimization-memory-data-prefetch-skill2.md	corpus/nvidia/legacy-knowledge/experience/2026-04-07-optimization-memory-data-prefetch-skill2.md			nvidia	skipped	corpus-not-needed
05-source-corpus/legacy-knowledge/experience/2026-04-07-optimization-memory-host-device-transfer-skill1.md	corpus/nvidia/legacy-knowledge/experience/2026-04-07-optimization-memory-host-device-transfer-skill1.md			nvidia	skipped	corpus-not-needed
05-source-corpus/legacy-knowledge/experience/2026-04-07-optimization-memory-layout-transform-skill4.md	corpus/nvidia/legacy-knowledge/experience/2026-04-07-optimization-memory-layout-transform-skill4.md			nvidia	skipped	corpus-not-needed
05-source-corpus/legacy-knowledge/hardware/h200-specs.md	corpus/nvidia/legacy-knowledge/hardware/h200-specs.md			nvidia	migrated	corpus-tier1
05-source-corpus/legacy-knowledge/hardware/hopper-features/async-pipeline.md	corpus/nvidia/legacy-knowledge/hardware/hopper-features/async-pipeline.md			nvidia	migrated	corpus-tier1
05-source-corpus/legacy-knowledge/hardware/hopper-features/distributed-shared-memory.md	corpus/nvidia/legacy-knowledge/hardware/hopper-features/distributed-shared-memory.md			nvidia	migrated	corpus-tier1
05-source-corpus/legacy-knowledge/hardware/hopper-features/thread-block-cluster.md	corpus/nvidia/legacy-knowledge/hardware/hopper-features/thread-block-cluster.md			nvidia	migrated	corpus-tier1
05-source-corpus/legacy-knowledge/hardware/hopper-features/tma.md	corpus/nvidia/legacy-knowledge/hardware/hopper-features/tma.md			nvidia	migrated	corpus-tier1
05-source-corpus/legacy-knowledge/hardware/memory-hierarchy.md	corpus/nvidia/legacy-knowledge/hardware/memory-hierarchy.md			nvidia	migrated	corpus-tier1
05-source-corpus/legacy-knowledge/hardware/tensor-core-specs.md	corpus/nvidia/legacy-knowledge/hardware/tensor-core-specs.md			nvidia	migrated	corpus-tier1
05-source-corpus/legacy-knowledge/hardware/warp-execution-model.md	corpus/nvidia/legacy-knowledge/hardware/warp-execution-model.md			nvidia	migrated	corpus-tier1
05-source-corpus/legacy-knowledge/optimization/compute/INDEX.md	corpus/nvidia/legacy-knowledge/optimization/compute/INDEX.md			nvidia	migrated	corpus-tier1
05-source-corpus/legacy-knowledge/optimization/compute/compiler-hints/apis.md	corpus/nvidia/legacy-knowledge/optimization/compute/compiler-hints/apis.md			nvidia	migrated	corpus-tier1
05-source-corpus/legacy-knowledge/optimization/compute/compiler-hints/pitfalls.md	corpus/nvidia/legacy-knowledge/optimization/compute/compiler-hints/pitfalls.md			nvidia	migrated	corpus-tier1
05-source-corpus/legacy-knowledge/optimization/compute/compiler-hints/skill.md	corpus/nvidia/legacy-knowledge/optimization/compute/compiler-hints/skill.md			nvidia	migrated	corpus-tier1
05-source-corpus/legacy-knowledge/optimization/compute/compiler-hints/verified.md	corpus/nvidia/legacy-knowledge/optimization/compute/compiler-hints/verified.md			nvidia	migrated	corpus-tier1
05-source-corpus/legacy-knowledge/optimization/compute/fast-math/apis.md	corpus/nvidia/legacy-knowledge/optimization/compute/fast-math/apis.md			nvidia	migrated	corpus-tier1
05-source-corpus/legacy-knowledge/optimization/compute/fast-math/pitfalls.md	corpus/nvidia/legacy-knowledge/optimization/compute/fast-math/pitfalls.md			nvidia	migrated	corpus-tier1
05-source-corpus/legacy-knowledge/optimization/compute/fast-math/skill.md	corpus/nvidia/legacy-knowledge/optimization/compute/fast-math/skill.md			nvidia	migrated	corpus-tier1
05-source-corpus/legacy-knowledge/optimization/compute/fast-math/verified.md	corpus/nvidia/legacy-knowledge/optimization/compute/fast-math/verified.md			nvidia	migrated	corpus-tier1
05-source-corpus/legacy-knowledge/optimization/compute/half-precision-math/apis.md	corpus/nvidia/legacy-knowledge/optimization/compute/half-precision-math/apis.md			nvidia	migrated	corpus-tier1
05-source-corpus/legacy-knowledge/optimization/compute/half-precision-math/pitfalls.md	corpus/nvidia/legacy-knowledge/optimization/compute/half-precision-math/pitfalls.md			nvidia	migrated	corpus-tier1
05-source-corpus/legacy-knowledge/optimization/compute/half-precision-math/skill.md	corpus/nvidia/legacy-knowledge/optimization/compute/half-precision-math/skill.md			nvidia	migrated	corpus-tier1
05-source-corpus/legacy-knowledge/optimization/compute/half-precision-math/verified.md	corpus/nvidia/legacy-knowledge/optimization/compute/half-precision-math/verified.md			nvidia	migrated	corpus-tier1
05-source-corpus/legacy-knowledge/optimization/compute/instruction-level-parallelism/apis.md	corpus/nvidia/legacy-knowledge/optimization/compute/instruction-level-parallelism/apis.md			nvidia	migrated	corpus-tier1
05-source-corpus/legacy-knowledge/optimization/compute/instruction-level-parallelism/pitfalls.md	corpus/nvidia/legacy-knowledge/optimization/compute/instruction-level-parallelism/pitfalls.md			nvidia	migrated	corpus-tier1
05-source-corpus/legacy-knowledge/optimization/compute/instruction-level-parallelism/skill.md	corpus/nvidia/legacy-knowledge/optimization/compute/instruction-level-parallelism/skill.md			nvidia	migrated	corpus-tier1
05-source-corpus/legacy-knowledge/optimization/compute/instruction-level-parallelism/verified.md	corpus/nvidia/legacy-knowledge/optimization/compute/instruction-level-parallelism/verified.md			nvidia	migrated	corpus-tier1
05-source-corpus/legacy-knowledge/optimization/compute/operator-fusion/apis.md	corpus/nvidia/legacy-knowledge/optimization/compute/operator-fusion/apis.md			nvidia	migrated	corpus-tier1
05-source-corpus/legacy-knowledge/optimization/compute/operator-fusion/pitfalls.md	corpus/nvidia/legacy-knowledge/optimization/compute/operator-fusion/pitfalls.md			nvidia	migrated	corpus-tier1
05-source-corpus/legacy-knowledge/optimization/compute/operator-fusion/skill.md	corpus/nvidia/legacy-knowledge/optimization/compute/operator-fusion/skill.md			nvidia	migrated	corpus-tier1
05-source-corpus/legacy-knowledge/optimization/compute/operator-fusion/verified.md	corpus/nvidia/legacy-knowledge/optimization/compute/operator-fusion/verified.md			nvidia	migrated	corpus-tier1
05-source-corpus/legacy-knowledge/optimization/compute/tensor-core/apis.md	corpus/nvidia/legacy-knowledge/optimization/compute/tensor-core/apis.md			nvidia	migrated	corpus-tier1
05-source-corpus/legacy-knowledge/optimization/compute/tensor-core/pitfalls.md	corpus/nvidia/legacy-knowledge/optimization/compute/tensor-core/pitfalls.md			nvidia	migrated	corpus-tier1
05-source-corpus/legacy-knowledge/optimization/compute/tensor-core/skill.md	corpus/nvidia/legacy-knowledge/optimization/compute/tensor-core/skill.md			nvidia	migrated	corpus-tier1
05-source-corpus/legacy-knowledge/optimization/compute/tensor-core/verified.md	corpus/nvidia/legacy-knowledge/optimization/compute/tensor-core/verified.md			nvidia	migrated	corpus-tier1
05-source-corpus/legacy-knowledge/optimization/compute/warp-primitives/apis.md	corpus/nvidia/legacy-knowledge/optimization/compute/warp-primitives/apis.md			nvidia	migrated	corpus-tier1
05-source-corpus/legacy-knowledge/optimization/compute/warp-primitives/pitfalls.md	corpus/nvidia/legacy-knowledge/optimization/compute/warp-primitives/pitfalls.md			nvidia	migrated	corpus-tier1
05-source-corpus/legacy-knowledge/optimization/compute/warp-primitives/skill.md	corpus/nvidia/legacy-knowledge/optimization/compute/warp-primitives/skill.md			nvidia	migrated	corpus-tier1
05-source-corpus/legacy-knowledge/optimization/compute/warp-primitives/verified.md	corpus/nvidia/legacy-knowledge/optimization/compute/warp-primitives/verified.md			nvidia	migrated	corpus-tier1
05-source-corpus/legacy-knowledge/optimization/compute/warp-specialization/apis.md	corpus/nvidia/legacy-knowledge/optimization/compute/warp-specialization/apis.md			nvidia	migrated	corpus-tier1
05-source-corpus/legacy-knowledge/optimization/compute/warp-specialization/pitfalls.md	corpus/nvidia/legacy-knowledge/optimization/compute/warp-specialization/pitfalls.md			nvidia	migrated	corpus-tier1
05-source-corpus/legacy-knowledge/optimization/compute/warp-specialization/skill.md	corpus/nvidia/legacy-knowledge/optimization/compute/warp-specialization/skill.md			nvidia	migrated	corpus-tier1
05-source-corpus/legacy-knowledge/optimization/compute/warp-specialization/verified.md	corpus/nvidia/legacy-knowledge/optimization/compute/warp-specialization/verified.md			nvidia	migrated	corpus-tier1
05-source-corpus/legacy-knowledge/optimization/latency/INDEX.md	corpus/nvidia/legacy-knowledge/optimization/latency/INDEX.md			nvidia	migrated	corpus-tier1
05-source-corpus/legacy-knowledge/optimization/latency/context-management/apis.md	corpus/nvidia/legacy-knowledge/optimization/latency/context-management/apis.md			nvidia	migrated	corpus-tier1
05-source-corpus/legacy-knowledge/optimization/latency/context-management/pitfalls.md	corpus/nvidia/legacy-knowledge/optimization/latency/context-management/pitfalls.md			nvidia	migrated	corpus-tier1
05-source-corpus/legacy-knowledge/optimization/latency/context-management/skill.md	corpus/nvidia/legacy-knowledge/optimization/latency/context-management/skill.md			nvidia	migrated	corpus-tier1
05-source-corpus/legacy-knowledge/optimization/latency/context-management/verified.md	corpus/nvidia/legacy-knowledge/optimization/latency/context-management/verified.md			nvidia	migrated	corpus-tier1
05-source-corpus/legacy-knowledge/optimization/latency/cuda-graphs/apis.md	corpus/nvidia/legacy-knowledge/optimization/latency/cuda-graphs/apis.md			nvidia	migrated	corpus-tier1
05-source-corpus/legacy-knowledge/optimization/latency/cuda-graphs/pitfalls.md	corpus/nvidia/legacy-knowledge/optimization/latency/cuda-graphs/pitfalls.md			nvidia	migrated	corpus-tier1
05-source-corpus/legacy-knowledge/optimization/latency/cuda-graphs/skill.md	corpus/nvidia/legacy-knowledge/optimization/latency/cuda-graphs/skill.md			nvidia	migrated	corpus-tier1
05-source-corpus/legacy-knowledge/optimization/latency/cuda-graphs/verified.md	corpus/nvidia/legacy-knowledge/optimization/latency/cuda-graphs/verified.md			nvidia	migrated	corpus-tier1
05-source-corpus/legacy-knowledge/optimization/latency/dynamic-parallelism/apis.md	corpus/nvidia/legacy-knowledge/optimization/latency/dynamic-parallelism/apis.md			nvidia	migrated	corpus-tier1
05-source-corpus/legacy-knowledge/optimization/latency/dynamic-parallelism/pitfalls.md	corpus/nvidia/legacy-knowledge/optimization/latency/dynamic-parallelism/pitfalls.md			nvidia	migrated	corpus-tier1
05-source-corpus/legacy-knowledge/optimization/latency/dynamic-parallelism/skill.md	corpus/nvidia/legacy-knowledge/optimization/latency/dynamic-parallelism/skill.md			nvidia	migrated	corpus-tier1
05-source-corpus/legacy-knowledge/optimization/latency/dynamic-parallelism/verified.md	corpus/nvidia/legacy-knowledge/optimization/latency/dynamic-parallelism/verified.md			nvidia	migrated	corpus-tier1
05-source-corpus/legacy-knowledge/optimization/latency/gpu-library-usage/apis.md	corpus/nvidia/legacy-knowledge/optimization/latency/gpu-library-usage/apis.md			nvidia	migrated	corpus-tier1
05-source-corpus/legacy-knowledge/optimization/latency/gpu-library-usage/pitfalls.md	corpus/nvidia/legacy-knowledge/optimization/latency/gpu-library-usage/pitfalls.md			nvidia	migrated	corpus-tier1
05-source-corpus/legacy-knowledge/optimization/latency/gpu-library-usage/skill.md	corpus/nvidia/legacy-knowledge/optimization/latency/gpu-library-usage/skill.md			nvidia	migrated	corpus-tier1
05-source-corpus/legacy-knowledge/optimization/latency/gpu-library-usage/verified.md	corpus/nvidia/legacy-knowledge/optimization/latency/gpu-library-usage/verified.md			nvidia	migrated	corpus-tier1
05-source-corpus/legacy-knowledge/optimization/latency/green-contexts/apis.md	corpus/nvidia/legacy-knowledge/optimization/latency/green-contexts/apis.md			nvidia	migrated	corpus-tier1
05-source-corpus/legacy-knowledge/optimization/latency/green-contexts/pitfalls.md	corpus/nvidia/legacy-knowledge/optimization/latency/green-contexts/pitfalls.md			nvidia	migrated	corpus-tier1
05-source-corpus/legacy-knowledge/optimization/latency/green-contexts/skill.md	corpus/nvidia/legacy-knowledge/optimization/latency/green-contexts/skill.md			nvidia	migrated	corpus-tier1
05-source-corpus/legacy-knowledge/optimization/latency/green-contexts/verified.md	corpus/nvidia/legacy-knowledge/optimization/latency/green-contexts/verified.md			nvidia	migrated	corpus-tier1
05-source-corpus/legacy-knowledge/optimization/latency/kernel-launch-overhead/apis.md	corpus/nvidia/legacy-knowledge/optimization/latency/kernel-launch-overhead/apis.md			nvidia	migrated	corpus-tier1
05-source-corpus/legacy-knowledge/optimization/latency/kernel-launch-overhead/pitfalls.md	corpus/nvidia/legacy-knowledge/optimization/latency/kernel-launch-overhead/pitfalls.md			nvidia	migrated	corpus-tier1
05-source-corpus/legacy-knowledge/optimization/latency/kernel-launch-overhead/skill.md	corpus/nvidia/legacy-knowledge/optimization/latency/kernel-launch-overhead/skill.md			nvidia	migrated	corpus-tier1
05-source-corpus/legacy-knowledge/optimization/latency/kernel-launch-overhead/verified.md	corpus/nvidia/legacy-knowledge/optimization/latency/kernel-launch-overhead/verified.md			nvidia	migrated	corpus-tier1
05-source-corpus/legacy-knowledge/optimization/latency/occupancy-tuning/apis.md	corpus/nvidia/legacy-knowledge/optimization/latency/occupancy-tuning/apis.md			nvidia	migrated	corpus-tier1
05-source-corpus/legacy-knowledge/optimization/latency/occupancy-tuning/pitfalls.md	corpus/nvidia/legacy-knowledge/optimization/latency/occupancy-tuning/pitfalls.md			nvidia	migrated	corpus-tier1
05-source-corpus/legacy-knowledge/optimization/latency/occupancy-tuning/skill.md	corpus/nvidia/legacy-knowledge/optimization/latency/occupancy-tuning/skill.md			nvidia	migrated	corpus-tier1
05-source-corpus/legacy-knowledge/optimization/latency/occupancy-tuning/verified.md	corpus/nvidia/legacy-knowledge/optimization/latency/occupancy-tuning/verified.md			nvidia	migrated	corpus-tier1
05-source-corpus/legacy-knowledge/optimization/latency/programmatic-dependent-launch/apis.md	corpus/nvidia/legacy-knowledge/optimization/latency/programmatic-dependent-launch/apis.md			nvidia	migrated	corpus-tier1
05-source-corpus/legacy-knowledge/optimization/latency/programmatic-dependent-launch/pitfalls.md	corpus/nvidia/legacy-knowledge/optimization/latency/programmatic-dependent-launch/pitfalls.md			nvidia	migrated	corpus-tier1
05-source-corpus/legacy-knowledge/optimization/latency/programmatic-dependent-launch/skill.md	corpus/nvidia/legacy-knowledge/optimization/latency/programmatic-dependent-launch/skill.md			nvidia	migrated	corpus-tier1
05-source-corpus/legacy-knowledge/optimization/latency/programmatic-dependent-launch/verified.md	corpus/nvidia/legacy-knowledge/optimization/latency/programmatic-dependent-launch/verified.md			nvidia	migrated	corpus-tier1
05-source-corpus/legacy-knowledge/optimization/latency/stream-concurrency/apis.md	corpus/nvidia/legacy-knowledge/optimization/latency/stream-concurrency/apis.md			nvidia	migrated	corpus-tier1
05-source-corpus/legacy-knowledge/optimization/latency/stream-concurrency/pitfalls.md	corpus/nvidia/legacy-knowledge/optimization/latency/stream-concurrency/pitfalls.md			nvidia	migrated	corpus-tier1
05-source-corpus/legacy-knowledge/optimization/latency/stream-concurrency/skill.md	corpus/nvidia/legacy-knowledge/optimization/latency/stream-concurrency/skill.md			nvidia	migrated	corpus-tier1
05-source-corpus/legacy-knowledge/optimization/latency/stream-concurrency/verified.md	corpus/nvidia/legacy-knowledge/optimization/latency/stream-concurrency/verified.md			nvidia	migrated	corpus-tier1
05-source-corpus/legacy-knowledge/optimization/latency/warp-divergence/apis.md	corpus/nvidia/legacy-knowledge/optimization/latency/warp-divergence/apis.md			nvidia	migrated	corpus-tier1
05-source-corpus/legacy-knowledge/optimization/latency/warp-divergence/pitfalls.md	corpus/nvidia/legacy-knowledge/optimization/latency/warp-divergence/pitfalls.md			nvidia	migrated	corpus-tier1
05-source-corpus/legacy-knowledge/optimization/latency/warp-divergence/skill.md	corpus/nvidia/legacy-knowledge/optimization/latency/warp-divergence/skill.md			nvidia	migrated	corpus-tier1
05-source-corpus/legacy-knowledge/optimization/latency/warp-divergence/verified.md	corpus/nvidia/legacy-knowledge/optimization/latency/warp-divergence/verified.md			nvidia	migrated	corpus-tier1
05-source-corpus/legacy-knowledge/optimization/latency/work-stealing/apis.md	corpus/nvidia/legacy-knowledge/optimization/latency/work-stealing/apis.md			nvidia	migrated	corpus-tier1
05-source-corpus/legacy-knowledge/optimization/latency/work-stealing/pitfalls.md	corpus/nvidia/legacy-knowledge/optimization/latency/work-stealing/pitfalls.md			nvidia	migrated	corpus-tier1
05-source-corpus/legacy-knowledge/optimization/latency/work-stealing/skill.md	corpus/nvidia/legacy-knowledge/optimization/latency/work-stealing/skill.md			nvidia	migrated	corpus-tier1
05-source-corpus/legacy-knowledge/optimization/latency/work-stealing/verified.md	corpus/nvidia/legacy-knowledge/optimization/latency/work-stealing/verified.md			nvidia	migrated	corpus-tier1
05-source-corpus/legacy-knowledge/optimization/memory/INDEX.md	corpus/nvidia/legacy-knowledge/optimization/memory/INDEX.md			nvidia	migrated	corpus-tier1
05-source-corpus/legacy-knowledge/optimization/memory/bank-conflict-avoidance/apis.md	corpus/nvidia/legacy-knowledge/optimization/memory/bank-conflict-avoidance/apis.md			nvidia	migrated	corpus-tier1
05-source-corpus/legacy-knowledge/optimization/memory/bank-conflict-avoidance/pitfalls.md	corpus/nvidia/legacy-knowledge/optimization/memory/bank-conflict-avoidance/pitfalls.md			nvidia	migrated	corpus-tier1
05-source-corpus/legacy-knowledge/optimization/memory/bank-conflict-avoidance/skill.md	corpus/nvidia/legacy-knowledge/optimization/memory/bank-conflict-avoidance/skill.md			nvidia	migrated	corpus-tier1
05-source-corpus/legacy-knowledge/optimization/memory/bank-conflict-avoidance/verified.md	corpus/nvidia/legacy-knowledge/optimization/memory/bank-conflict-avoidance/verified.md			nvidia	migrated	corpus-tier1
05-source-corpus/legacy-knowledge/optimization/memory/cache-load-hints/apis.md	corpus/nvidia/legacy-knowledge/optimization/memory/cache-load-hints/apis.md			nvidia	migrated	corpus-tier1
05-source-corpus/legacy-knowledge/optimization/memory/cache-load-hints/pitfalls.md	corpus/nvidia/legacy-knowledge/optimization/memory/cache-load-hints/pitfalls.md			nvidia	migrated	corpus-tier1
05-source-corpus/legacy-knowledge/optimization/memory/cache-load-hints/skill.md	corpus/nvidia/legacy-knowledge/optimization/memory/cache-load-hints/skill.md			nvidia	migrated	corpus-tier1
05-source-corpus/legacy-knowledge/optimization/memory/cache-load-hints/verified.md	corpus/nvidia/legacy-knowledge/optimization/memory/cache-load-hints/verified.md			nvidia	migrated	corpus-tier1
05-source-corpus/legacy-knowledge/optimization/memory/coalescing/apis.md	corpus/nvidia/legacy-knowledge/optimization/memory/coalescing/apis.md			nvidia	migrated	corpus-tier1
05-source-corpus/legacy-knowledge/optimization/memory/coalescing/pitfalls.md	corpus/nvidia/legacy-knowledge/optimization/memory/coalescing/pitfalls.md			nvidia	migrated	corpus-tier1
05-source-corpus/legacy-knowledge/optimization/memory/coalescing/skill.md	corpus/nvidia/legacy-knowledge/optimization/memory/coalescing/skill.md			nvidia	migrated	corpus-tier1
05-source-corpus/legacy-knowledge/optimization/memory/coalescing/verified.md	corpus/nvidia/legacy-knowledge/optimization/memory/coalescing/verified.md			nvidia	migrated	corpus-tier1
05-source-corpus/legacy-knowledge/optimization/memory/data-prefetch/apis.md	corpus/nvidia/legacy-knowledge/optimization/memory/data-prefetch/apis.md			nvidia	migrated	corpus-tier1
05-source-corpus/legacy-knowledge/optimization/memory/data-prefetch/pitfalls.md	corpus/nvidia/legacy-knowledge/optimization/memory/data-prefetch/pitfalls.md			nvidia	migrated	corpus-tier1
05-source-corpus/legacy-knowledge/optimization/memory/data-prefetch/skill.md	corpus/nvidia/legacy-knowledge/optimization/memory/data-prefetch/skill.md			nvidia	migrated	corpus-tier1
05-source-corpus/legacy-knowledge/optimization/memory/data-prefetch/verified.md	corpus/nvidia/legacy-knowledge/optimization/memory/data-prefetch/verified.md			nvidia	migrated	corpus-tier1
05-source-corpus/legacy-knowledge/optimization/memory/host-device-transfer/apis.md	corpus/nvidia/legacy-knowledge/optimization/memory/host-device-transfer/apis.md			nvidia	migrated	corpus-tier1
05-source-corpus/legacy-knowledge/optimization/memory/host-device-transfer/pitfalls.md	corpus/nvidia/legacy-knowledge/optimization/memory/host-device-transfer/pitfalls.md			nvidia	migrated	corpus-tier1
05-source-corpus/legacy-knowledge/optimization/memory/host-device-transfer/skill.md	corpus/nvidia/legacy-knowledge/optimization/memory/host-device-transfer/skill.md			nvidia	migrated	corpus-tier1
05-source-corpus/legacy-knowledge/optimization/memory/host-device-transfer/verified.md	corpus/nvidia/legacy-knowledge/optimization/memory/host-device-transfer/verified.md			nvidia	migrated	corpus-tier1
05-source-corpus/legacy-knowledge/optimization/memory/l2-cache-control/apis.md	corpus/nvidia/legacy-knowledge/optimization/memory/l2-cache-control/apis.md			nvidia	migrated	corpus-tier1
05-source-corpus/legacy-knowledge/optimization/memory/l2-cache-control/pitfalls.md	corpus/nvidia/legacy-knowledge/optimization/memory/l2-cache-control/pitfalls.md			nvidia	migrated	corpus-tier1
05-source-corpus/legacy-knowledge/optimization/memory/l2-cache-control/skill.md	corpus/nvidia/legacy-knowledge/optimization/memory/l2-cache-control/skill.md			nvidia	migrated	corpus-tier1
05-source-corpus/legacy-knowledge/optimization/memory/l2-cache-control/verified.md	corpus/nvidia/legacy-knowledge/optimization/memory/l2-cache-control/verified.md			nvidia	migrated	corpus-tier1
05-source-corpus/legacy-knowledge/optimization/memory/layout-transform/apis.md	corpus/nvidia/legacy-knowledge/optimization/memory/layout-transform/apis.md			nvidia	migrated	corpus-tier1
05-source-corpus/legacy-knowledge/optimization/memory/layout-transform/pitfalls.md	corpus/nvidia/legacy-knowledge/optimization/memory/layout-transform/pitfalls.md			nvidia	migrated	corpus-tier1
05-source-corpus/legacy-knowledge/optimization/memory/layout-transform/skill.md	corpus/nvidia/legacy-knowledge/optimization/memory/layout-transform/skill.md			nvidia	migrated	corpus-tier1
05-source-corpus/legacy-knowledge/optimization/memory/layout-transform/verified.md	corpus/nvidia/legacy-knowledge/optimization/memory/layout-transform/verified.md			nvidia	migrated	corpus-tier1
05-source-corpus/legacy-knowledge/optimization/memory/numa-binding/apis.md	corpus/nvidia/legacy-knowledge/optimization/memory/numa-binding/apis.md			nvidia	migrated	corpus-tier1
05-source-corpus/legacy-knowledge/optimization/memory/numa-binding/pitfalls.md	corpus/nvidia/legacy-knowledge/optimization/memory/numa-binding/pitfalls.md			nvidia	migrated	corpus-tier1
05-source-corpus/legacy-knowledge/optimization/memory/numa-binding/skill.md	corpus/nvidia/legacy-knowledge/optimization/memory/numa-binding/skill.md			nvidia	migrated	corpus-tier1
05-source-corpus/legacy-knowledge/optimization/memory/numa-binding/verified.md	corpus/nvidia/legacy-knowledge/optimization/memory/numa-binding/verified.md			nvidia	migrated	corpus-tier1
05-source-corpus/legacy-knowledge/optimization/memory/register-pressure/apis.md	corpus/nvidia/legacy-knowledge/optimization/memory/register-pressure/apis.md			nvidia	migrated	corpus-tier1
05-source-corpus/legacy-knowledge/optimization/memory/register-pressure/pitfalls.md	corpus/nvidia/legacy-knowledge/optimization/memory/register-pressure/pitfalls.md			nvidia	migrated	corpus-tier1
05-source-corpus/legacy-knowledge/optimization/memory/register-pressure/skill.md	corpus/nvidia/legacy-knowledge/optimization/memory/register-pressure/skill.md			nvidia	migrated	corpus-tier1
05-source-corpus/legacy-knowledge/optimization/memory/register-pressure/verified.md	corpus/nvidia/legacy-knowledge/optimization/memory/register-pressure/verified.md			nvidia	migrated	corpus-tier1
05-source-corpus/legacy-knowledge/optimization/memory/shared-memory-cache/apis.md	corpus/nvidia/legacy-knowledge/optimization/memory/shared-memory-cache/apis.md			nvidia	migrated	corpus-tier1
05-source-corpus/legacy-knowledge/optimization/memory/shared-memory-cache/pitfalls.md	corpus/nvidia/legacy-knowledge/optimization/memory/shared-memory-cache/pitfalls.md			nvidia	migrated	corpus-tier1
05-source-corpus/legacy-knowledge/optimization/memory/shared-memory-cache/skill.md	corpus/nvidia/legacy-knowledge/optimization/memory/shared-memory-cache/skill.md			nvidia	migrated	corpus-tier1
05-source-corpus/legacy-knowledge/optimization/memory/shared-memory-cache/verified.md	corpus/nvidia/legacy-knowledge/optimization/memory/shared-memory-cache/verified.md			nvidia	migrated	corpus-tier1
05-source-corpus/legacy-knowledge/optimization/memory/unified-memory/apis.md	corpus/nvidia/legacy-knowledge/optimization/memory/unified-memory/apis.md			nvidia	migrated	corpus-tier1
05-source-corpus/legacy-knowledge/optimization/memory/unified-memory/pitfalls.md	corpus/nvidia/legacy-knowledge/optimization/memory/unified-memory/pitfalls.md			nvidia	migrated	corpus-tier1
05-source-corpus/legacy-knowledge/optimization/memory/unified-memory/skill.md	corpus/nvidia/legacy-knowledge/optimization/memory/unified-memory/skill.md			nvidia	migrated	corpus-tier1
05-source-corpus/legacy-knowledge/optimization/memory/unified-memory/verified.md	corpus/nvidia/legacy-knowledge/optimization/memory/unified-memory/verified.md			nvidia	migrated	corpus-tier1
05-source-corpus/legacy-knowledge/optimization/memory/vectorized-access/apis.md	corpus/nvidia/legacy-knowledge/optimization/memory/vectorized-access/apis.md			nvidia	migrated	corpus-tier1
05-source-corpus/legacy-knowledge/optimization/memory/vectorized-access/pitfalls.md	corpus/nvidia/legacy-knowledge/optimization/memory/vectorized-access/pitfalls.md			nvidia	migrated	corpus-tier1
05-source-corpus/legacy-knowledge/optimization/memory/vectorized-access/skill.md	corpus/nvidia/legacy-knowledge/optimization/memory/vectorized-access/skill.md			nvidia	migrated	corpus-tier1
05-source-corpus/legacy-knowledge/optimization/memory/vectorized-access/verified.md	corpus/nvidia/legacy-knowledge/optimization/memory/vectorized-access/verified.md			nvidia	migrated	corpus-tier1
05-source-corpus/legacy-knowledge/optimization/synchronization/INDEX.md	corpus/nvidia/legacy-knowledge/optimization/synchronization/INDEX.md			nvidia	migrated	corpus-tier1
05-source-corpus/legacy-knowledge/optimization/synchronization/atomic-reduction/apis.md	corpus/nvidia/legacy-knowledge/optimization/synchronization/atomic-reduction/apis.md			nvidia	migrated	corpus-tier1
05-source-corpus/legacy-knowledge/optimization/synchronization/atomic-reduction/pitfalls.md	corpus/nvidia/legacy-knowledge/optimization/synchronization/atomic-reduction/pitfalls.md			nvidia	migrated	corpus-tier1
05-source-corpus/legacy-knowledge/optimization/synchronization/atomic-reduction/skill.md	corpus/nvidia/legacy-knowledge/optimization/synchronization/atomic-reduction/skill.md			nvidia	migrated	corpus-tier1
05-source-corpus/legacy-knowledge/optimization/synchronization/atomic-reduction/verified.md	corpus/nvidia/legacy-knowledge/optimization/synchronization/atomic-reduction/verified.md			nvidia	migrated	corpus-tier1
05-source-corpus/legacy-knowledge/optimization/synchronization/barrier-optimization/apis.md	corpus/nvidia/legacy-knowledge/optimization/synchronization/barrier-optimization/apis.md			nvidia	migrated	corpus-tier1
05-source-corpus/legacy-knowledge/optimization/synchronization/barrier-optimization/pitfalls.md	corpus/nvidia/legacy-knowledge/optimization/synchronization/barrier-optimization/pitfalls.md			nvidia	migrated	corpus-tier1
05-source-corpus/legacy-knowledge/optimization/synchronization/barrier-optimization/skill.md	corpus/nvidia/legacy-knowledge/optimization/synchronization/barrier-optimization/skill.md			nvidia	migrated	corpus-tier1
05-source-corpus/legacy-knowledge/optimization/synchronization/barrier-optimization/verified.md	corpus/nvidia/legacy-knowledge/optimization/synchronization/barrier-optimization/verified.md			nvidia	migrated	corpus-tier1
05-source-corpus/legacy-knowledge/optimization/synchronization/cooperative-groups/apis.md	corpus/nvidia/legacy-knowledge/optimization/synchronization/cooperative-groups/apis.md			nvidia	migrated	corpus-tier1
05-source-corpus/legacy-knowledge/optimization/synchronization/cooperative-groups/pitfalls.md	corpus/nvidia/legacy-knowledge/optimization/synchronization/cooperative-groups/pitfalls.md			nvidia	migrated	corpus-tier1
05-source-corpus/legacy-knowledge/optimization/synchronization/cooperative-groups/skill.md	corpus/nvidia/legacy-knowledge/optimization/synchronization/cooperative-groups/skill.md			nvidia	migrated	corpus-tier1
05-source-corpus/legacy-knowledge/optimization/synchronization/cooperative-groups/verified.md	corpus/nvidia/legacy-knowledge/optimization/synchronization/cooperative-groups/verified.md			nvidia	migrated	corpus-tier1
05-source-corpus/legacy-knowledge/optimization/synchronization/memory-sync-domains/apis.md	corpus/nvidia/legacy-knowledge/optimization/synchronization/memory-sync-domains/apis.md			nvidia	migrated	corpus-tier1
05-source-corpus/legacy-knowledge/optimization/synchronization/memory-sync-domains/pitfalls.md	corpus/nvidia/legacy-knowledge/optimization/synchronization/memory-sync-domains/pitfalls.md			nvidia	migrated	corpus-tier1
05-source-corpus/legacy-knowledge/optimization/synchronization/memory-sync-domains/skill.md	corpus/nvidia/legacy-knowledge/optimization/synchronization/memory-sync-domains/skill.md			nvidia	migrated	corpus-tier1
05-source-corpus/legacy-knowledge/optimization/synchronization/memory-sync-domains/verified.md	corpus/nvidia/legacy-knowledge/optimization/synchronization/memory-sync-domains/verified.md			nvidia	migrated	corpus-tier1
05-source-corpus/legacy-knowledge/optimization/synchronization/thread-scopes/apis.md	corpus/nvidia/legacy-knowledge/optimization/synchronization/thread-scopes/apis.md			nvidia	migrated	corpus-tier1
05-source-corpus/legacy-knowledge/optimization/synchronization/thread-scopes/pitfalls.md	corpus/nvidia/legacy-knowledge/optimization/synchronization/thread-scopes/pitfalls.md			nvidia	migrated	corpus-tier1
05-source-corpus/legacy-knowledge/optimization/synchronization/thread-scopes/skill.md	corpus/nvidia/legacy-knowledge/optimization/synchronization/thread-scopes/skill.md			nvidia	migrated	corpus-tier1
05-source-corpus/legacy-knowledge/optimization/synchronization/thread-scopes/verified.md	corpus/nvidia/legacy-knowledge/optimization/synchronization/thread-scopes/verified.md			nvidia	migrated	corpus-tier1
05-source-corpus/legacy-knowledge/pattern/attention/INDEX.md	corpus/nvidia/legacy-knowledge/pattern/attention/INDEX.md			nvidia	migrated	corpus-tier1
05-source-corpus/legacy-knowledge/pattern/attention/apis.md	corpus/nvidia/legacy-knowledge/pattern/attention/apis.md			nvidia	migrated	corpus-tier1
05-source-corpus/legacy-knowledge/pattern/attention/pitfalls.md	corpus/nvidia/legacy-knowledge/pattern/attention/pitfalls.md			nvidia	migrated	corpus-tier1
05-source-corpus/legacy-knowledge/pattern/attention/skill.md	corpus/nvidia/legacy-knowledge/pattern/attention/skill.md			nvidia	migrated	corpus-tier1
05-source-corpus/legacy-knowledge/pattern/attention/verified.md	corpus/nvidia/legacy-knowledge/pattern/attention/verified.md			nvidia	migrated	corpus-tier1
05-source-corpus/legacy-knowledge/pattern/convolution/INDEX.md	corpus/nvidia/legacy-knowledge/pattern/convolution/INDEX.md			nvidia	migrated	corpus-tier1
05-source-corpus/legacy-knowledge/pattern/convolution/apis.md	corpus/nvidia/legacy-knowledge/pattern/convolution/apis.md			nvidia	migrated	corpus-tier1
05-source-corpus/legacy-knowledge/pattern/convolution/pitfalls.md	corpus/nvidia/legacy-knowledge/pattern/convolution/pitfalls.md			nvidia	migrated	corpus-tier1
05-source-corpus/legacy-knowledge/pattern/convolution/skill.md	corpus/nvidia/legacy-knowledge/pattern/convolution/skill.md			nvidia	migrated	corpus-tier1
05-source-corpus/legacy-knowledge/pattern/convolution/verified.md	corpus/nvidia/legacy-knowledge/pattern/convolution/verified.md			nvidia	migrated	corpus-tier1
05-source-corpus/legacy-knowledge/pattern/elementwise/INDEX.md	corpus/nvidia/legacy-knowledge/pattern/elementwise/INDEX.md			nvidia	migrated	corpus-tier1
05-source-corpus/legacy-knowledge/pattern/elementwise/apis.md	corpus/nvidia/legacy-knowledge/pattern/elementwise/apis.md			nvidia	migrated	corpus-tier1
05-source-corpus/legacy-knowledge/pattern/elementwise/pitfalls.md	corpus/nvidia/legacy-knowledge/pattern/elementwise/pitfalls.md			nvidia	migrated	corpus-tier1
05-source-corpus/legacy-knowledge/pattern/elementwise/skill.md	corpus/nvidia/legacy-knowledge/pattern/elementwise/skill.md			nvidia	migrated	corpus-tier1
05-source-corpus/legacy-knowledge/pattern/elementwise/verified.md	corpus/nvidia/legacy-knowledge/pattern/elementwise/verified.md			nvidia	migrated	corpus-tier1
05-source-corpus/legacy-knowledge/pattern/gemm/INDEX.md	corpus/nvidia/legacy-knowledge/pattern/gemm/INDEX.md			nvidia	migrated	corpus-tier1
05-source-corpus/legacy-knowledge/pattern/gemm/apis.md	corpus/nvidia/legacy-knowledge/pattern/gemm/apis.md			nvidia	migrated	corpus-tier1
05-source-corpus/legacy-knowledge/pattern/gemm/cublas-integration/apis.md	corpus/nvidia/legacy-knowledge/pattern/gemm/cublas-integration/apis.md			nvidia	migrated	corpus-tier1
05-source-corpus/legacy-knowledge/pattern/gemm/cublas-integration/pitfalls.md	corpus/nvidia/legacy-knowledge/pattern/gemm/cublas-integration/pitfalls.md			nvidia	migrated	corpus-tier1
05-source-corpus/legacy-knowledge/pattern/gemm/cublas-integration/skill.md	corpus/nvidia/legacy-knowledge/pattern/gemm/cublas-integration/skill.md			nvidia	migrated	corpus-tier1
05-source-corpus/legacy-knowledge/pattern/gemm/cublas-integration/verified.md	corpus/nvidia/legacy-knowledge/pattern/gemm/cublas-integration/verified.md			nvidia	migrated	corpus-tier1
05-source-corpus/legacy-knowledge/pattern/gemm/pipeline-overlap/apis.md	corpus/nvidia/legacy-knowledge/pattern/gemm/pipeline-overlap/apis.md			nvidia	migrated	corpus-tier1
05-source-corpus/legacy-knowledge/pattern/gemm/pipeline-overlap/pitfalls.md	corpus/nvidia/legacy-knowledge/pattern/gemm/pipeline-overlap/pitfalls.md			nvidia	migrated	corpus-tier1
05-source-corpus/legacy-knowledge/pattern/gemm/pipeline-overlap/skill.md	corpus/nvidia/legacy-knowledge/pattern/gemm/pipeline-overlap/skill.md			nvidia	migrated	corpus-tier1
05-source-corpus/legacy-knowledge/pattern/gemm/pipeline-overlap/verified.md	corpus/nvidia/legacy-knowledge/pattern/gemm/pipeline-overlap/verified.md			nvidia	migrated	corpus-tier1
05-source-corpus/legacy-knowledge/pattern/gemm/pitfalls.md	corpus/nvidia/legacy-knowledge/pattern/gemm/pitfalls.md			nvidia	migrated	corpus-tier1
05-source-corpus/legacy-knowledge/pattern/gemm/skill.md	corpus/nvidia/legacy-knowledge/pattern/gemm/skill.md			nvidia	migrated	corpus-tier1
05-source-corpus/legacy-knowledge/pattern/gemm/tiling-strategy/apis.md	corpus/nvidia/legacy-knowledge/pattern/gemm/tiling-strategy/apis.md			nvidia	migrated	corpus-tier1
05-source-corpus/legacy-knowledge/pattern/gemm/tiling-strategy/pitfalls.md	corpus/nvidia/legacy-knowledge/pattern/gemm/tiling-strategy/pitfalls.md			nvidia	migrated	corpus-tier1
05-source-corpus/legacy-knowledge/pattern/gemm/tiling-strategy/skill.md	corpus/nvidia/legacy-knowledge/pattern/gemm/tiling-strategy/skill.md			nvidia	migrated	corpus-tier1
05-source-corpus/legacy-knowledge/pattern/gemm/tiling-strategy/verified.md	corpus/nvidia/legacy-knowledge/pattern/gemm/tiling-strategy/verified.md			nvidia	migrated	corpus-tier1
05-source-corpus/legacy-knowledge/pattern/gemm/warp-specialization/apis.md	corpus/nvidia/legacy-knowledge/pattern/gemm/warp-specialization/apis.md			nvidia	migrated	corpus-tier1
05-source-corpus/legacy-knowledge/pattern/gemm/warp-specialization/pitfalls.md	corpus/nvidia/legacy-knowledge/pattern/gemm/warp-specialization/pitfalls.md			nvidia	migrated	corpus-tier1
05-source-corpus/legacy-knowledge/pattern/gemm/warp-specialization/skill.md	corpus/nvidia/legacy-knowledge/pattern/gemm/warp-specialization/skill.md			nvidia	migrated	corpus-tier1
05-source-corpus/legacy-knowledge/pattern/gemm/warp-specialization/verified.md	corpus/nvidia/legacy-knowledge/pattern/gemm/warp-specialization/verified.md			nvidia	migrated	corpus-tier1
05-source-corpus/legacy-knowledge/pattern/normalization/INDEX.md	corpus/nvidia/legacy-knowledge/pattern/normalization/INDEX.md			nvidia	migrated	corpus-tier1
05-source-corpus/legacy-knowledge/pattern/normalization/apis.md	corpus/nvidia/legacy-knowledge/pattern/normalization/apis.md			nvidia	migrated	corpus-tier1
05-source-corpus/legacy-knowledge/pattern/normalization/pitfalls.md	corpus/nvidia/legacy-knowledge/pattern/normalization/pitfalls.md			nvidia	migrated	corpus-tier1
05-source-corpus/legacy-knowledge/pattern/normalization/skill.md	corpus/nvidia/legacy-knowledge/pattern/normalization/skill.md			nvidia	migrated	corpus-tier1
05-source-corpus/legacy-knowledge/pattern/normalization/verified.md	corpus/nvidia/legacy-knowledge/pattern/normalization/verified.md			nvidia	migrated	corpus-tier1
05-source-corpus/legacy-knowledge/pattern/pooling/INDEX.md	corpus/nvidia/legacy-knowledge/pattern/pooling/INDEX.md			nvidia	migrated	corpus-tier1
05-source-corpus/legacy-knowledge/pattern/pooling/apis.md	corpus/nvidia/legacy-knowledge/pattern/pooling/apis.md			nvidia	migrated	corpus-tier1
05-source-corpus/legacy-knowledge/pattern/pooling/pitfalls.md	corpus/nvidia/legacy-knowledge/pattern/pooling/pitfalls.md			nvidia	migrated	corpus-tier1
05-source-corpus/legacy-knowledge/pattern/pooling/skill.md	corpus/nvidia/legacy-knowledge/pattern/pooling/skill.md			nvidia	migrated	corpus-tier1
05-source-corpus/legacy-knowledge/pattern/pooling/verified.md	corpus/nvidia/legacy-knowledge/pattern/pooling/verified.md			nvidia	migrated	corpus-tier1
05-source-corpus/legacy-knowledge/pattern/reduction/INDEX.md	corpus/nvidia/legacy-knowledge/pattern/reduction/INDEX.md			nvidia	migrated	corpus-tier1
05-source-corpus/legacy-knowledge/pattern/reduction/apis.md	corpus/nvidia/legacy-knowledge/pattern/reduction/apis.md			nvidia	migrated	corpus-tier1
05-source-corpus/legacy-knowledge/pattern/reduction/pitfalls.md	corpus/nvidia/legacy-knowledge/pattern/reduction/pitfalls.md			nvidia	migrated	corpus-tier1
05-source-corpus/legacy-knowledge/pattern/reduction/skill.md	corpus/nvidia/legacy-knowledge/pattern/reduction/skill.md			nvidia	migrated	corpus-tier1
05-source-corpus/legacy-knowledge/pattern/reduction/verified.md	corpus/nvidia/legacy-knowledge/pattern/reduction/verified.md			nvidia	migrated	corpus-tier1
05-source-corpus/legacy-knowledge/pattern/scan-cumulative/INDEX.md	corpus/nvidia/legacy-knowledge/pattern/scan-cumulative/INDEX.md			nvidia	migrated	corpus-tier1
05-source-corpus/legacy-knowledge/pattern/scan-cumulative/apis.md	corpus/nvidia/legacy-knowledge/pattern/scan-cumulative/apis.md			nvidia	migrated	corpus-tier1
05-source-corpus/legacy-knowledge/pattern/scan-cumulative/pitfalls.md	corpus/nvidia/legacy-knowledge/pattern/scan-cumulative/pitfalls.md			nvidia	migrated	corpus-tier1
05-source-corpus/legacy-knowledge/pattern/scan-cumulative/skill.md	corpus/nvidia/legacy-knowledge/pattern/scan-cumulative/skill.md			nvidia	migrated	corpus-tier1
05-source-corpus/legacy-knowledge/pattern/scan-cumulative/verified.md	corpus/nvidia/legacy-knowledge/pattern/scan-cumulative/verified.md			nvidia	migrated	corpus-tier1
05-source-corpus/legacy-knowledge/reasoning-pattern/constraint-relaxation.md	corpus/nvidia/legacy-knowledge/reasoning-pattern/constraint-relaxation.md			nvidia	migrated	corpus-tier1
05-source-corpus/legacy-knowledge/reasoning-pattern/cross-warp-thinking.md	corpus/nvidia/legacy-knowledge/reasoning-pattern/cross-warp-thinking.md			nvidia	migrated	corpus-tier1
05-source-corpus/legacy-knowledge/reasoning-pattern/idle-resource-detection.md	corpus/nvidia/legacy-knowledge/reasoning-pattern/idle-resource-detection.md			nvidia	migrated	corpus-tier1
05-source-corpus/legacy-knowledge/reasoning-pattern/resource-freed-then-what.md	corpus/nvidia/legacy-knowledge/reasoning-pattern/resource-freed-then-what.md			nvidia	migrated	corpus-tier1
05-source-corpus/legacy-knowledge/reasoning-pattern/tradeoff-rebalancing.md	corpus/nvidia/legacy-knowledge/reasoning-pattern/tradeoff-rebalancing.md			nvidia	migrated	corpus-tier1
05-source-corpus/whitepapers/gpu-wite-paper/Hopper/hpc-datasheet-sc24-h200-datasheet-3002446/hpc-datasheet-sc24-h200-datasheet-3002446.md	corpus/nvidia/whitepapers/gpu-wite-paper/Hopper/hpc-datasheet-sc24-h200-datasheet-3002446/hpc-datasheet-sc24-h200-datasheet-3002446.md			nvidia	migrated	corpus-tier1
05-source-corpus/whitepapers/gpu-wite-paper/Hopper/nvidia-h100-tensor-core-hopper-whitepaper/nvidia-h100-tensor-core-hopper-whitepaper.md	corpus/nvidia/whitepapers/gpu-wite-paper/Hopper/nvidia-h100-tensor-core-hopper-whitepaper/nvidia-h100-tensor-core-hopper-whitepaper.md			nvidia	migrated	corpus-tier1
10-api-raw/runtime/__all_sync.md	wiki/nvidia/api-definitions/runtime/__all_sync.md	api-__all_sync	api-definition	nvidia	migrated	
10-api-raw/runtime/__any_sync.md	wiki/nvidia/api-definitions/runtime/__any_sync.md	api-__any_sync	api-definition	nvidia	migrated	
10-api-raw/runtime/__ballot_sync.md	wiki/nvidia/api-definitions/runtime/__ballot_sync.md	api-__ballot_sync	api-definition	nvidia	migrated	
10-api-raw/runtime/__cosf.md	wiki/nvidia/api-definitions/runtime/__cosf.md	api-__cosf	api-definition	nvidia	migrated	
10-api-raw/runtime/__exp10f.md	wiki/nvidia/api-definitions/runtime/__exp10f.md	api-__exp10f	api-definition	nvidia	migrated	
10-api-raw/runtime/__expf.md	wiki/nvidia/api-definitions/runtime/__expf.md	api-__expf	api-definition	nvidia	migrated	
10-api-raw/runtime/__ldca.md	wiki/nvidia/api-definitions/runtime/__ldca.md	api-__ldca	api-definition	nvidia	migrated	
10-api-raw/runtime/__ldcg.md	wiki/nvidia/api-definitions/runtime/__ldcg.md	api-__ldcg	api-definition	nvidia	migrated	
10-api-raw/runtime/__ldcs.md	wiki/nvidia/api-definitions/runtime/__ldcs.md	api-__ldcs	api-definition	nvidia	migrated	
10-api-raw/runtime/__ldcv.md	wiki/nvidia/api-definitions/runtime/__ldcv.md	api-__ldcv	api-definition	nvidia	migrated	
10-api-raw/runtime/__ldg.md	wiki/nvidia/api-definitions/runtime/__ldg.md	api-__ldg	api-definition	nvidia	migrated	
10-api-raw/runtime/__ldlu.md	wiki/nvidia/api-definitions/runtime/__ldlu.md	api-__ldlu	api-definition	nvidia	migrated	
10-api-raw/runtime/__log10f.md	wiki/nvidia/api-definitions/runtime/__log10f.md	api-__log10f	api-definition	nvidia	migrated	
10-api-raw/runtime/__log2f.md	wiki/nvidia/api-definitions/runtime/__log2f.md	api-__log2f	api-definition	nvidia	migrated	
10-api-raw/runtime/__logf.md	wiki/nvidia/api-definitions/runtime/__logf.md	api-__logf	api-definition	nvidia	migrated	
10-api-raw/runtime/__pipeline_commit.md	wiki/nvidia/api-definitions/runtime/__pipeline_commit.md	api-__pipeline_commit	api-definition	nvidia	migrated	
10-api-raw/runtime/__pipeline_memcpy_async.md	wiki/nvidia/api-definitions/runtime/__pipeline_memcpy_async.md	api-__pipeline_memcpy_async	api-definition	nvidia	migrated	
10-api-raw/runtime/__pipeline_wait_prior.md	wiki/nvidia/api-definitions/runtime/__pipeline_wait_prior.md	api-__pipeline_wait_prior	api-definition	nvidia	migrated	
10-api-raw/runtime/__shfl_down_sync.md	wiki/nvidia/api-definitions/runtime/__shfl_down_sync.md	api-__shfl_down_sync	api-definition	nvidia	migrated	
10-api-raw/runtime/__shfl_sync.md	wiki/nvidia/api-definitions/runtime/__shfl_sync.md	api-__shfl_sync	api-definition	nvidia	migrated	
10-api-raw/runtime/__shfl_up_sync.md	wiki/nvidia/api-definitions/runtime/__shfl_up_sync.md	api-__shfl_up_sync	api-definition	nvidia	migrated	
10-api-raw/runtime/__shfl_xor_sync.md	wiki/nvidia/api-definitions/runtime/__shfl_xor_sync.md	api-__shfl_xor_sync	api-definition	nvidia	migrated	
10-api-raw/runtime/__sincosf.md	wiki/nvidia/api-definitions/runtime/__sincosf.md	api-__sincosf	api-definition	nvidia	migrated	
10-api-raw/runtime/__sinf.md	wiki/nvidia/api-definitions/runtime/__sinf.md	api-__sinf	api-definition	nvidia	migrated	
10-api-raw/runtime/__tanf.md	wiki/nvidia/api-definitions/runtime/__tanf.md	api-__tanf	api-definition	nvidia	migrated	
10-api-raw/runtime/__tanhf.md	wiki/nvidia/api-definitions/runtime/__tanhf.md	api-__tanhf	api-definition	nvidia	migrated	
10-api-raw/runtime/cudaFuncSetAttribute.md	wiki/nvidia/api-definitions/runtime/cudaFuncSetAttribute.md	api-cudaFuncSetAttribute	api-definition	nvidia	migrated	
10-api-raw/runtime/cudaOccupancyMaxActiveBlocksPerMultiprocessor.md	wiki/nvidia/api-definitions/runtime/cudaOccupancyMaxActiveBlocksPerMultiprocessor.md	api-cudaOccupancyMaxActiveBlocksPerMultiprocessor	api-definition	nvidia	migrated	
20-pattern/cuda-core/elementwise/INDEX.md	wiki/nvidia/operator-routing/elementwise/INDEX.md	routing-elementwise-INDEX	operator-routing	nvidia	migrated	
20-pattern/cuda-core/elementwise/ROUTING.md	wiki/nvidia/operator-routing/elementwise/ROUTING.md	routing-elementwise-ROUTING	operator-routing	nvidia	migrated	
20-pattern/cuda-core/elementwise/TASK-PACKET.md	wiki/nvidia/operator-routing/elementwise/TASK-PACKET.md	routing-elementwise-TASK-PACKET	operator-routing	nvidia	migrated	
20-pattern/cuda-core/elementwise/library-fallback.md	wiki/nvidia/operator-routing/elementwise/library-fallback.md	routing-elementwise-library-fallback	operator-routing	nvidia	migrated	
20-pattern/cuda-core/indexing/INDEX.md	wiki/nvidia/operator-routing/indexing/INDEX.md	routing-indexing-INDEX	operator-routing	nvidia	migrated	
20-pattern/cuda-core/indexing/ROUTING.md	wiki/nvidia/operator-routing/indexing/ROUTING.md	routing-indexing-ROUTING	operator-routing	nvidia	migrated	
20-pattern/cuda-core/indexing/TASK-PACKET.md	wiki/nvidia/operator-routing/indexing/TASK-PACKET.md	routing-indexing-TASK-PACKET	operator-routing	nvidia	migrated	
20-pattern/cuda-core/indexing/library-fallback.md	wiki/nvidia/operator-routing/indexing/library-fallback.md	routing-indexing-library-fallback	operator-routing	nvidia	migrated	
20-pattern/cuda-core/normalization/INDEX.md	wiki/nvidia/operator-routing/normalization/INDEX.md	routing-normalization-INDEX	operator-routing	nvidia	migrated	
20-pattern/cuda-core/normalization/ROUTING.md	wiki/nvidia/operator-routing/normalization/ROUTING.md	routing-normalization-ROUTING	operator-routing	nvidia	migrated	
20-pattern/cuda-core/normalization/TASK-PACKET.md	wiki/nvidia/operator-routing/normalization/TASK-PACKET.md	routing-normalization-TASK-PACKET	operator-routing	nvidia	migrated	
20-pattern/cuda-core/normalization/library-fallback.md	wiki/nvidia/operator-routing/normalization/library-fallback.md	routing-normalization-library-fallback	operator-routing	nvidia	migrated	
20-pattern/cuda-core/pooling/INDEX.md	wiki/nvidia/operator-routing/pooling/INDEX.md	routing-pooling-INDEX	operator-routing	nvidia	migrated	
20-pattern/cuda-core/pooling/ROUTING.md	wiki/nvidia/operator-routing/pooling/ROUTING.md	routing-pooling-ROUTING	operator-routing	nvidia	migrated	
20-pattern/cuda-core/pooling/TASK-PACKET.md	wiki/nvidia/operator-routing/pooling/TASK-PACKET.md	routing-pooling-TASK-PACKET	operator-routing	nvidia	migrated	
20-pattern/cuda-core/pooling/library-fallback.md	wiki/nvidia/operator-routing/pooling/library-fallback.md	routing-pooling-library-fallback	operator-routing	nvidia	migrated	
20-pattern/cuda-core/reduction/INDEX.md	wiki/nvidia/operator-routing/reduction/INDEX.md	routing-reduction-INDEX	operator-routing	nvidia	migrated	
20-pattern/cuda-core/reduction/ROUTING.md	wiki/nvidia/operator-routing/reduction/ROUTING.md	routing-reduction-ROUTING	operator-routing	nvidia	migrated	
20-pattern/cuda-core/reduction/TASK-PACKET.md	wiki/nvidia/operator-routing/reduction/TASK-PACKET.md	routing-reduction-TASK-PACKET	operator-routing	nvidia	migrated	
20-pattern/cuda-core/reduction/library-fallback.md	wiki/nvidia/operator-routing/reduction/library-fallback.md	routing-reduction-library-fallback	operator-routing	nvidia	migrated	
20-pattern/cuda-core/scan-cumulative/INDEX.md	wiki/nvidia/operator-routing/scan-cumulative/INDEX.md	routing-scan-cumulative-INDEX	operator-routing	nvidia	migrated	
20-pattern/cuda-core/scan-cumulative/ROUTING.md	wiki/nvidia/operator-routing/scan-cumulative/ROUTING.md	routing-scan-cumulative-ROUTING	operator-routing	nvidia	migrated	
20-pattern/cuda-core/scan-cumulative/TASK-PACKET.md	wiki/nvidia/operator-routing/scan-cumulative/TASK-PACKET.md	routing-scan-cumulative-TASK-PACKET	operator-routing	nvidia	migrated	
20-pattern/cuda-core/scan-cumulative/library-fallback.md	wiki/nvidia/operator-routing/scan-cumulative/library-fallback.md	routing-scan-cumulative-library-fallback	operator-routing	nvidia	migrated	
20-pattern/cuda-core/transpose/INDEX.md	wiki/nvidia/operator-routing/transpose/INDEX.md	routing-transpose-INDEX	operator-routing	nvidia	migrated	
20-pattern/cuda-core/transpose/ROUTING.md	wiki/nvidia/operator-routing/transpose/ROUTING.md	routing-transpose-ROUTING	operator-routing	nvidia	migrated	
20-pattern/cuda-core/transpose/TASK-PACKET.md	wiki/nvidia/operator-routing/transpose/TASK-PACKET.md	routing-transpose-TASK-PACKET	operator-routing	nvidia	migrated	
20-pattern/cuda-core/transpose/library-fallback.md	wiki/nvidia/operator-routing/transpose/library-fallback.md	routing-transpose-library-fallback	operator-routing	nvidia	migrated	
20-pattern/tensor-core/gemm/INDEX.md	wiki/nvidia/operator-routing/gemm/INDEX.md	routing-gemm-INDEX	operator-routing	nvidia	migrated	
20-pattern/tensor-core/gemm/ROUTING.md	wiki/nvidia/operator-routing/gemm/ROUTING.md	routing-gemm-ROUTING	operator-routing	nvidia	migrated	
20-pattern/tensor-core/gemm/TASK-PACKET.md	wiki/nvidia/operator-routing/gemm/TASK-PACKET.md	routing-gemm-TASK-PACKET	operator-routing	nvidia	migrated	
20-pattern/tensor-core/gemm/library-fallback.md	wiki/nvidia/operator-routing/gemm/library-fallback.md	routing-gemm-library-fallback	operator-routing	nvidia	migrated	
30-skill/compute/attention/cutlass-fmha/pitfalls.md	wiki/nvidia/foundations/compute/attention/pitfalls.md	pitfall-attention	pitfall	nvidia	migrated	
30-skill/compute/attention/cutlass-fmha/skill.md	wiki/nvidia/foundations/compute/attention.md	skill-attention	skill	nvidia	migrated	
30-skill/compute/attention/cutlass-fmha/tuning.md	wiki/nvidia/foundations/compute/attention/tuning.md	skill-attention-tuning	skill	nvidia	migrated	
30-skill/compute/attention/mvp-minimal/pitfalls.md	wiki/nvidia/foundations/compute/attention/pitfalls.md	pitfall-attention	pitfall	nvidia	migrated	
30-skill/compute/attention/mvp-minimal/skill.md	wiki/nvidia/foundations/compute/attention.md	skill-attention	skill	nvidia	migrated	
30-skill/compute/attention/mvp-minimal/tuning.md	wiki/nvidia/foundations/compute/attention/tuning.md	skill-attention-tuning	skill	nvidia	migrated	
30-skill/compute/branch-elimination/apis.md	wiki/nvidia/foundations/compute/branch-elimination/apis.md	api-branch-elimination-ref	api-definition	nvidia	migrated	
30-skill/compute/branch-elimination/pitfalls.md	wiki/nvidia/foundations/compute/branch-elimination/pitfalls.md	pitfall-branch-elimination	pitfall	nvidia	migrated	
30-skill/compute/branch-elimination/skill.md	wiki/nvidia/foundations/compute/branch-elimination.md	skill-branch-elimination	skill	nvidia	migrated	
30-skill/compute/compiler-hints/apis.md	wiki/nvidia/foundations/compute/compiler-hints/apis.md	api-compiler-hints-ref	api-definition	nvidia	migrated	
30-skill/compute/compiler-hints/pitfalls.md	wiki/nvidia/foundations/compute/compiler-hints/pitfalls.md	pitfall-compiler-hints	pitfall	nvidia	migrated	
30-skill/compute/compiler-hints/skill.md	wiki/nvidia/foundations/compute/compiler-hints.md	skill-compiler-hints	skill	nvidia	migrated	
30-skill/compute/fast-math/apis.md	wiki/nvidia/foundations/compute/fast-math/apis.md	api-fast-math-ref	api-definition	nvidia	migrated	
30-skill/compute/fast-math/pitfalls.md	wiki/nvidia/foundations/compute/fast-math/pitfalls.md	pitfall-fast-math	pitfall	nvidia	migrated	
30-skill/compute/fast-math/skill.md	wiki/nvidia/foundations/compute/fast-math.md	skill-fast-math	skill	nvidia	migrated	
30-skill/compute/gemm-fused/cutlass-epilogue-prologue/pitfalls.md	wiki/nvidia/foundations/compute/gemm-fused/pitfalls.md	pitfall-gemm-fused	pitfall	nvidia	migrated	
30-skill/compute/gemm-fused/cutlass-epilogue-prologue/skill.md	wiki/nvidia/foundations/compute/gemm-fused.md	skill-gemm-fused	skill	nvidia	migrated	
30-skill/compute/gemm-fused/cutlass-epilogue-prologue/tuning.md	wiki/nvidia/foundations/compute/gemm-fused/tuning.md	skill-gemm-fused-tuning	skill	nvidia	migrated	
30-skill/compute/gemm-ptx/pitfalls.md	wiki/nvidia/foundations/compute/gemm-ptx/pitfalls.md	pitfall-gemm-ptx	pitfall	nvidia	migrated	
30-skill/compute/gemm-ptx/skill.md	wiki/nvidia/foundations/compute/gemm-ptx.md	skill-gemm-ptx	skill	nvidia	migrated	
30-skill/compute/gemm/aligned/pitfalls.md	wiki/nvidia/foundations/compute/gemm/pitfalls.md	pitfall-gemm	pitfall	nvidia	migrated	
30-skill/compute/gemm/aligned/skill.md	wiki/nvidia/foundations/compute/gemm.md	skill-gemm	skill	nvidia	migrated	
30-skill/compute/gemm/aligned/tuning.md	wiki/nvidia/foundations/compute/gemm/tuning.md	skill-gemm-tuning	skill	nvidia	migrated	
30-skill/compute/gemm/non-aligned-tail/pitfalls.md	wiki/nvidia/foundations/compute/gemm/pitfalls.md	pitfall-gemm	pitfall	nvidia	migrated	
30-skill/compute/gemm/non-aligned-tail/skill.md	wiki/nvidia/foundations/compute/gemm.md	skill-gemm	skill	nvidia	migrated	
30-skill/compute/gemm/non-aligned-tail/tuning.md	wiki/nvidia/foundations/compute/gemm/tuning.md	skill-gemm-tuning	skill	nvidia	migrated	
30-skill/compute/half-precision-math/apis.md	wiki/nvidia/foundations/compute/half-precision-math/apis.md	api-half-precision-math-ref	api-definition	nvidia	migrated	
30-skill/compute/half-precision-math/pitfalls.md	wiki/nvidia/foundations/compute/half-precision-math/pitfalls.md	pitfall-half-precision-math	pitfall	nvidia	migrated	
30-skill/compute/half-precision-math/skill.md	wiki/nvidia/foundations/compute/half-precision-math.md	skill-half-precision-math	skill	nvidia	migrated	
30-skill/compute/ilp/pitfalls.md	wiki/nvidia/foundations/compute/ilp/pitfalls.md	pitfall-ilp	pitfall	nvidia	migrated	
30-skill/compute/ilp/skill.md	wiki/nvidia/foundations/compute/ilp.md	skill-ilp	skill	nvidia	migrated	
30-skill/compute/occupancy-tuning/apis.md	wiki/nvidia/foundations/compute/occupancy-tuning/apis.md	api-occupancy-tuning-ref	api-definition	nvidia	migrated	
30-skill/compute/occupancy-tuning/pitfalls.md	wiki/nvidia/foundations/compute/occupancy-tuning/pitfalls.md	pitfall-occupancy-tuning	pitfall	nvidia	migrated	
30-skill/compute/occupancy-tuning/skill.md	wiki/nvidia/foundations/compute/occupancy-tuning.md	skill-occupancy-tuning	skill	nvidia	migrated	
30-skill/compute/warp-divergence/apis.md	wiki/nvidia/foundations/compute/warp-divergence/apis.md	api-warp-divergence-ref	api-definition	nvidia	migrated	
30-skill/compute/warp-divergence/pitfalls.md	wiki/nvidia/foundations/compute/warp-divergence/pitfalls.md	pitfall-warp-divergence	pitfall	nvidia	migrated	
30-skill/compute/warp-divergence/skill.md	wiki/nvidia/foundations/compute/warp-divergence.md	skill-warp-divergence	skill	nvidia	migrated	
30-skill/compute/warp-primitives/apis.md	wiki/nvidia/foundations/compute/warp-primitives/apis.md	api-warp-primitives-ref	api-definition	nvidia	migrated	
30-skill/compute/warp-primitives/pitfalls.md	wiki/nvidia/foundations/compute/warp-primitives/pitfalls.md	pitfall-warp-primitives	pitfall	nvidia	migrated	
30-skill/compute/warp-primitives/skill.md	wiki/nvidia/foundations/compute/warp-primitives.md	skill-warp-primitives	skill	nvidia	migrated	
30-skill/memory/async-copy/apis.md	wiki/nvidia/foundations/memory/async-copy/apis.md	api-async-copy-ref	api-definition	nvidia	migrated	
30-skill/memory/async-copy/pitfalls.md	wiki/nvidia/foundations/memory/async-copy/pitfalls.md	pitfall-async-copy	pitfall	nvidia	migrated	
30-skill/memory/async-copy/skill.md	wiki/nvidia/foundations/memory/async-copy.md	skill-async-copy	skill	nvidia	migrated	
30-skill/memory/bank-conflict/pitfalls.md	wiki/nvidia/foundations/memory/bank-conflict/pitfalls.md	pitfall-bank-conflict	pitfall	nvidia	migrated	
30-skill/memory/bank-conflict/skill.md	wiki/nvidia/foundations/memory/bank-conflict.md	skill-bank-conflict	skill	nvidia	migrated	
30-skill/memory/cache-load-hints/apis.md	wiki/nvidia/foundations/memory/cache-load-hints/apis.md	api-cache-load-hints-ref	api-definition	nvidia	migrated	
30-skill/memory/cache-load-hints/pitfalls.md	wiki/nvidia/foundations/memory/cache-load-hints/pitfalls.md	pitfall-cache-load-hints	pitfall	nvidia	migrated	
30-skill/memory/cache-load-hints/skill.md	wiki/nvidia/foundations/memory/cache-load-hints.md	skill-cache-load-hints	skill	nvidia	migrated	
30-skill/memory/coalescing/apis.md	wiki/nvidia/foundations/memory/coalescing/apis.md	api-coalescing-ref	api-definition	nvidia	migrated	
30-skill/memory/coalescing/pitfalls.md	wiki/nvidia/foundations/memory/coalescing/pitfalls.md	pitfall-coalescing	pitfall	nvidia	migrated	
30-skill/memory/coalescing/skill.md	wiki/nvidia/foundations/memory/coalescing.md	skill-coalescing	skill	nvidia	migrated	
30-skill/memory/l2-access-policy/apis.md	wiki/nvidia/foundations/memory/l2-access-policy/apis.md	api-l2-access-policy-ref	api-definition	nvidia	migrated	
30-skill/memory/l2-access-policy/pitfalls.md	wiki/nvidia/foundations/memory/l2-access-policy/pitfalls.md	pitfall-l2-access-policy	pitfall	nvidia	migrated	
30-skill/memory/l2-access-policy/skill.md	wiki/nvidia/foundations/memory/l2-access-policy.md	skill-l2-access-policy	skill	nvidia	migrated	
30-skill/memory/layout-transform/apis.md	wiki/nvidia/foundations/memory/layout-transform/apis.md	api-layout-transform-ref	api-definition	nvidia	migrated	
30-skill/memory/layout-transform/pitfalls.md	wiki/nvidia/foundations/memory/layout-transform/pitfalls.md	pitfall-layout-transform	pitfall	nvidia	migrated	
30-skill/memory/layout-transform/skill.md	wiki/nvidia/foundations/memory/layout-transform.md	skill-layout-transform	skill	nvidia	migrated	
30-skill/memory/register-pressure/apis.md	wiki/nvidia/foundations/memory/register-pressure/apis.md	api-register-pressure-ref	api-definition	nvidia	migrated	
30-skill/memory/register-pressure/pitfalls.md	wiki/nvidia/foundations/memory/register-pressure/pitfalls.md	pitfall-register-pressure	pitfall	nvidia	migrated	
30-skill/memory/register-pressure/skill.md	wiki/nvidia/foundations/memory/register-pressure.md	skill-register-pressure	skill	nvidia	migrated	
30-skill/memory/shared-memory-cache/apis.md	wiki/nvidia/foundations/memory/shared-memory-cache/apis.md	api-shared-memory-cache-ref	api-definition	nvidia	migrated	
30-skill/memory/shared-memory-cache/pitfalls.md	wiki/nvidia/foundations/memory/shared-memory-cache/pitfalls.md	pitfall-shared-memory-cache	pitfall	nvidia	migrated	
30-skill/memory/shared-memory-cache/skill.md	wiki/nvidia/foundations/memory/shared-memory-cache.md	skill-shared-memory-cache	skill	nvidia	migrated	
30-skill/memory/vectorized-access/apis.md	wiki/nvidia/foundations/memory/vectorized-access/apis.md	api-vectorized-access-ref	api-definition	nvidia	migrated	
30-skill/memory/vectorized-access/pitfalls.md	wiki/nvidia/foundations/memory/vectorized-access/pitfalls.md	pitfall-vectorized-access	pitfall	nvidia	migrated	
30-skill/memory/vectorized-access/skill.md	wiki/nvidia/foundations/memory/vectorized-access.md	skill-vectorized-access	skill	nvidia	migrated	
30-skill/meta/code-extraction/pitfalls.md	wiki/nvidia/foundations/meta/code-extraction/pitfalls.md	pitfall-code-extraction	pitfall	nvidia	migrated	
30-skill/meta/code-extraction/skill.md	wiki/nvidia/foundations/meta/code-extraction.md	skill-code-extraction	skill	nvidia	migrated	
30-skill/sync/atomic-reduction/apis.md	wiki/nvidia/foundations/sync/atomic-reduction/apis.md	api-atomic-reduction-ref	api-definition	nvidia	migrated	
30-skill/sync/atomic-reduction/pitfalls.md	wiki/nvidia/foundations/sync/atomic-reduction/pitfalls.md	pitfall-atomic-reduction	pitfall	nvidia	migrated	
30-skill/sync/atomic-reduction/skill.md	wiki/nvidia/foundations/sync/atomic-reduction.md	skill-atomic-reduction	skill	nvidia	migrated	
30-skill/sync/barrier-optimization/apis.md	wiki/nvidia/foundations/sync/barrier-optimization/apis.md	api-barrier-optimization-ref	api-definition	nvidia	migrated	
30-skill/sync/barrier-optimization/pitfalls.md	wiki/nvidia/foundations/sync/barrier-optimization/pitfalls.md	pitfall-barrier-optimization	pitfall	nvidia	migrated	
30-skill/sync/barrier-optimization/skill.md	wiki/nvidia/foundations/sync/barrier-optimization.md	skill-barrier-optimization	skill	nvidia	migrated	
30-skill/sync/memory-ordering/apis.md	wiki/nvidia/foundations/sync/memory-ordering/apis.md	api-memory-ordering-ref	api-definition	nvidia	migrated	
30-skill/sync/memory-ordering/pitfalls.md	wiki/nvidia/foundations/sync/memory-ordering/pitfalls.md	pitfall-memory-ordering	pitfall	nvidia	migrated	
30-skill/sync/memory-ordering/skill.md	wiki/nvidia/foundations/sync/memory-ordering.md	skill-memory-ordering	skill	nvidia	migrated	
40-hardware-feature/ldmatrix-ptx/pitfalls.md	wiki/nvidia/hardware/ldmatrix/pitfalls-ldmatrix-ptx.md	pitfall-ldmatrix-ptx	pitfall	nvidia	migrated	
40-hardware-feature/ldmatrix-ptx/skill.md	wiki/nvidia/hardware/ldmatrix/skill-ldmatrix-ptx.md	skill-ldmatrix-ptx	skill	nvidia	migrated	
40-hardware-feature/mma-sync-ptx/pitfalls.md	wiki/nvidia/hardware/mma-sync/pitfalls-mma-sync-ptx.md	pitfall-mma-sync-ptx	pitfall	nvidia	migrated	
40-hardware-feature/mma-sync-ptx/skill.md	wiki/nvidia/hardware/mma-sync/skill-mma-sync-ptx.md	skill-mma-sync-ptx	skill	nvidia	migrated	
40-hardware-feature/tcgen05-ptx/pitfalls.md	wiki/nvidia/hardware/tcgen05-mma/pitfalls-tcgen05-ptx.md	pitfall-tcgen05-ptx	pitfall	nvidia	migrated	
40-hardware-feature/tcgen05-ptx/skill.md	wiki/nvidia/hardware/tcgen05-mma/skill-tcgen05-ptx.md	skill-tcgen05-ptx	skill	nvidia	migrated	
40-hardware-feature/tma-ptx/pitfalls.md	wiki/nvidia/hardware/tma/pitfalls-tma-ptx.md	pitfall-tma-ptx	pitfall	nvidia	migrated	
40-hardware-feature/tma-ptx/skill.md	wiki/nvidia/hardware/tma/skill-tma-ptx.md	skill-tma-ptx	skill	nvidia	migrated	
40-hardware-feature/tma/pitfalls.md	wiki/nvidia/hardware/tma/pitfalls-tma.md	pitfall-tma	pitfall	nvidia	migrated	
40-hardware-feature/tma/skill.md	wiki/nvidia/hardware/tma/skill-tma.md	skill-tma	skill	nvidia	migrated	
40-hardware-feature/wgmma-ptx/atomic_skeleton.md	wiki/nvidia/hardware/wgmma/atomic_skeleton.md	skill-wgmma-ptx-atomic_skeleton	skill	nvidia	migrated	
40-hardware-feature/wgmma-ptx/pitfalls.md	wiki/nvidia/hardware/wgmma/pitfalls-wgmma-ptx.md	pitfall-wgmma-ptx	pitfall	nvidia	migrated	
40-hardware-feature/wgmma-ptx/skill.md	wiki/nvidia/hardware/wgmma/skill-wgmma-ptx.md	skill-wgmma-ptx	skill	nvidia	migrated	
40-hardware-feature/wgmma/pitfalls.md	wiki/nvidia/hardware/wgmma/pitfalls-wgmma.md	pitfall-wgmma	pitfall	nvidia	migrated	
40-hardware-feature/wgmma/skill.md	wiki/nvidia/hardware/wgmma/skill-wgmma.md	skill-wgmma	skill	nvidia	migrated	
50-classical-algo/persistent-kernel/pitfalls.md	wiki/nvidia/techniques/persistent-kernel/pitfalls.md	algo-persistent-kernel-pitfalls	algorithm	nvidia	migrated	
50-classical-algo/persistent-kernel/skill.md	wiki/nvidia/techniques/persistent-kernel/algo-persistent-kernel.md	algo-persistent-kernel	algorithm	nvidia	migrated	
50-classical-algo/warp-specialization/pitfalls.md	wiki/nvidia/techniques/warp-specialization/pitfalls.md	algo-warp-specialization-pitfalls	algorithm	nvidia	migrated	
50-classical-algo/warp-specialization/skill.md	wiki/nvidia/techniques/warp-specialization/algo-warp-specialization.md	algo-warp-specialization	algorithm	nvidia	migrated	
60-code/cutlass-cute/AGENTS.md	wiki/nvidia/code-walkthroughs/cutlass-cute/AGENTS.md	code-cutlass-cute-AGENTS	code-walkthrough	nvidia	migrated	
60-code/cutlass-cute/AUDIT.md	wiki/nvidia/code-walkthroughs/cutlass-cute/AUDIT.md	code-cutlass-cute-AUDIT	code-walkthrough	nvidia	migrated	
60-code/cutlass-cute/attention-fmha-collective/README.md	wiki/nvidia/code-walkthroughs/cutlass-cute/attention-fmha-collective/README.md	code-cutlass-cute-README	code-walkthrough	nvidia	migrated	
60-code/cutlass-cute/attention-fmha-collective/tuning.md	wiki/nvidia/code-walkthroughs/cutlass-cute/attention-fmha-collective/tuning.md	code-cutlass-cute-tuning	code-walkthrough	nvidia	migrated	
60-code/cutlass-cute/attention-fmha-example/README.md	wiki/nvidia/code-walkthroughs/cutlass-cute/attention-fmha-example/README.md	code-cutlass-cute-attention-fmha-example-README	code-walkthrough	nvidia	migrated	
60-code/cutlass-cute/attention-fmha-example/fmha_skeleton.md	wiki/nvidia/code-walkthroughs/cutlass-cute/attention-fmha-example/fmha_skeleton.md	code-cutlass-cute-fmha_skeleton	code-walkthrough	nvidia	migrated	
60-code/cutlass-cute/attention-fmha-example/tuning.md	wiki/nvidia/code-walkthroughs/cutlass-cute/attention-fmha-example/tuning.md	code-cutlass-cute-attention-fmha-example-tuning	code-walkthrough	nvidia	migrated	
60-code/cutlass-cute/example48-hopper-warp-specialized-gemm/README.md	wiki/nvidia/code-walkthroughs/cutlass-cute/example48-hopper-warp-specialized-gemm/README.md	code-cutlass-cute-example48-hopper-warp-specialized-gemm-README	code-walkthrough	nvidia	migrated	
60-code/cutlass-cute/example48-hopper-warp-specialized-gemm/mainloop_skeleton.md	wiki/nvidia/code-walkthroughs/cutlass-cute/example48-hopper-warp-specialized-gemm/mainloop_skeleton.md	code-cutlass-cute-mainloop_skeleton	code-walkthrough	nvidia	migrated	
60-code/cutlass-cute/gemm-aligned/README.md	wiki/nvidia/code-walkthroughs/cutlass-cute/gemm-aligned/README.md	code-cutlass-cute-gemm-aligned-README	code-walkthrough	nvidia	migrated	
60-code/cutlass-cute/gemm-aligned/tuning.md	wiki/nvidia/code-walkthroughs/cutlass-cute/gemm-aligned/tuning.md	code-cutlass-cute-gemm-aligned-tuning	code-walkthrough	nvidia	migrated	
60-code/cutlass-cute/gemm-fused/README.md	wiki/nvidia/code-walkthroughs/cutlass-cute/gemm-fused/README.md	code-cutlass-cute-gemm-fused-README	code-walkthrough	nvidia	migrated	
60-code/cutlass-cute/gemm-fused/tuning.md	wiki/nvidia/code-walkthroughs/cutlass-cute/gemm-fused/tuning.md	code-cutlass-cute-gemm-fused-tuning	code-walkthrough	nvidia	migrated	
60-code/cutlass-cute/gemm-tail/README.md	wiki/nvidia/code-walkthroughs/cutlass-cute/gemm-tail/README.md	code-cutlass-cute-gemm-tail-README	code-walkthrough	nvidia	migrated	
60-code/cutlass-cute/gemm-tail/tuning.md	wiki/nvidia/code-walkthroughs/cutlass-cute/gemm-tail/tuning.md	code-cutlass-cute-gemm-tail-tuning	code-walkthrough	nvidia	migrated	
60-code/cutlass-cute/persistent-kernel/README.md	wiki/nvidia/code-walkthroughs/cutlass-cute/persistent-kernel/README.md	code-cutlass-cute-persistent-kernel-README	code-walkthrough	nvidia	migrated	
60-code/cutlass-cute/persistent-kernel/tuning.md	wiki/nvidia/code-walkthroughs/cutlass-cute/persistent-kernel/tuning.md	code-cutlass-cute-persistent-kernel-tuning	code-walkthrough	nvidia	migrated	
60-code/cutlass-cute/wgmma-atom-decoding/README.md	wiki/nvidia/code-walkthroughs/cutlass-cute/wgmma-atom-decoding/README.md	code-cutlass-cute-wgmma-atom-decoding-README	code-walkthrough	nvidia	migrated	
60-code/cutlass-cute/wgmma-atom-decoding/wgmma_skeleton.md	wiki/nvidia/code-walkthroughs/cutlass-cute/wgmma-atom-decoding/wgmma_skeleton.md	code-cutlass-cute-wgmma_skeleton	code-walkthrough	nvidia	migrated	
60-code/flash-attention-v3/README.md	wiki/nvidia/code-walkthroughs/flash-attention-v3/README.md	code-flash-attention-v3-README	code-walkthrough	nvidia	migrated	
60-code/flash-attention-v3/tuning.md	wiki/nvidia/code-walkthroughs/flash-attention-v3/tuning.md	code-flash-attention-v3-tuning	code-walkthrough	nvidia	migrated	
70-reasoning/api-probing.md	reasoning/api-probing.md			nvidia	migrated	reasoning
70-reasoning/benchmark-protocol.md	reasoning/benchmark-protocol.md			nvidia	migrated	reasoning
70-reasoning/bottleneck-triage.md	reasoning/bottleneck-triage.md			nvidia	migrated	reasoning
70-reasoning/hardware-microbench.md	reasoning/hardware-microbench.md			nvidia	migrated	reasoning
70-reasoning/task-packet.md	reasoning/task-packet.md			nvidia	migrated	reasoning
80-experience/api-probes/2026-04-16-runtime-ballot-sync.md	sources/experience/api-probes/2026-04-16-runtime-ballot-sync.md	exp-2026-04-16-runtime-ballot-sync	experience	nvidia	migrated	
80-experience/api-probes/2026-04-16-runtime-ldg.md	sources/experience/api-probes/2026-04-16-runtime-ldg.md	exp-2026-04-16-runtime-ldg	experience	nvidia	migrated	
80-experience/api-probes/2026-04-16-runtime-shfl-xor-sync.md	sources/experience/api-probes/2026-04-16-runtime-shfl-xor-sync.md	exp-2026-04-16-runtime-shfl-xor-sync	experience	nvidia	migrated	
80-experience/api-probes/2026-04-17-runtime-all-sync.md	sources/experience/api-probes/2026-04-17-runtime-all-sync.md	exp-2026-04-17-runtime-all-sync	experience	nvidia	migrated	
80-experience/api-probes/2026-04-17-runtime-any-sync.md	sources/experience/api-probes/2026-04-17-runtime-any-sync.md	exp-2026-04-17-runtime-any-sync	experience	nvidia	migrated	
80-experience/api-probes/2026-04-17-runtime-cuda-func-set-attribute.md	sources/experience/api-probes/2026-04-17-runtime-cuda-func-set-attribute.md	exp-2026-04-17-runtime-cuda-func-set-attribute	experience	nvidia	migrated	
80-experience/api-probes/2026-04-17-runtime-cuda-occupancy-max-active-blocks-per-multiprocessor.md	sources/experience/api-probes/2026-04-17-runtime-cuda-occupancy-max-active-blocks-per-multiprocessor.md	exp-2026-04-17-runtime-cuda-occupancy-max-active-blocks-per-multiprocessor	experience	nvidia	migrated	
80-experience/api-probes/2026-04-17-runtime-ldca.md	sources/experience/api-probes/2026-04-17-runtime-ldca.md	exp-2026-04-17-runtime-ldca	experience	nvidia	migrated	
80-experience/api-probes/2026-04-17-runtime-ldcg.md	sources/experience/api-probes/2026-04-17-runtime-ldcg.md	exp-2026-04-17-runtime-ldcg	experience	nvidia	migrated	
80-experience/api-probes/2026-04-17-runtime-ldcs.md	sources/experience/api-probes/2026-04-17-runtime-ldcs.md	exp-2026-04-17-runtime-ldcs	experience	nvidia	migrated	
80-experience/api-probes/2026-04-17-runtime-ldcv.md	sources/experience/api-probes/2026-04-17-runtime-ldcv.md	exp-2026-04-17-runtime-ldcv	experience	nvidia	migrated	
80-experience/api-probes/2026-04-17-runtime-ldlu.md	sources/experience/api-probes/2026-04-17-runtime-ldlu.md	exp-2026-04-17-runtime-ldlu	experience	nvidia	migrated	
80-experience/api-probes/2026-04-17-runtime-pipeline-commit.md	sources/experience/api-probes/2026-04-17-runtime-pipeline-commit.md	exp-2026-04-17-runtime-pipeline-commit	experience	nvidia	migrated	
80-experience/api-probes/2026-04-17-runtime-pipeline-memcpy-async.md	sources/experience/api-probes/2026-04-17-runtime-pipeline-memcpy-async.md	exp-2026-04-17-runtime-pipeline-memcpy-async	experience	nvidia	migrated	
80-experience/api-probes/2026-04-17-runtime-pipeline-wait-prior.md	sources/experience/api-probes/2026-04-17-runtime-pipeline-wait-prior.md	exp-2026-04-17-runtime-pipeline-wait-prior	experience	nvidia	migrated	
80-experience/api-probes/2026-04-17-runtime-shfl-down-sync.md	sources/experience/api-probes/2026-04-17-runtime-shfl-down-sync.md	exp-2026-04-17-runtime-shfl-down-sync	experience	nvidia	migrated	
80-experience/api-probes/2026-04-17-runtime-shfl-sync.md	sources/experience/api-probes/2026-04-17-runtime-shfl-sync.md	exp-2026-04-17-runtime-shfl-sync	experience	nvidia	migrated	
80-experience/api-probes/2026-04-17-runtime-shfl-up-sync.md	sources/experience/api-probes/2026-04-17-runtime-shfl-up-sync.md	exp-2026-04-17-runtime-shfl-up-sync	experience	nvidia	migrated	
80-experience/api-probes/_gap-queue.md	sources/experience/api-probes/_gap-queue.md	exp-_gap-queue	experience	nvidia	migrated	
80-experience/api-probes/attention/2026-05-08-cutlass-88-hopper-fmha.md	sources/experience/api-probes/attention.md	exp-attention	experience	nvidia	migrated	
80-experience/api-probes/attention/2026-05-08-cutlass-fmha-collective.md	sources/experience/api-probes/attention.md	exp-attention	experience	nvidia	migrated	
80-experience/api-probes/attention/2026-05-08-mvp-attention-tma-wgmma.md	sources/experience/api-probes/attention.md	exp-attention	experience	nvidia	migrated	
80-experience/api-probes/attention/2026-05-08-mvp-attention.md	sources/experience/api-probes/attention.md	exp-attention	experience	nvidia	migrated	
80-experience/api-probes/code-extraction/2026-04-28-cutlass-walkthrough.md	sources/experience/api-probes/code-extraction.md	exp-code-extraction	experience	nvidia	migrated	
80-experience/api-probes/gemm-ptx/2026-04-28-gemm-ptx-hello.md	sources/experience/api-probes/gemm-ptx.md	exp-gemm-ptx	experience	nvidia	migrated	
80-experience/api-probes/gemm/2026-04-28-gemm-aligned.md	sources/experience/api-probes/gemm.md	exp-gemm	experience	nvidia	migrated	
80-experience/api-probes/gemm/2026-04-28-gemm-fused-spec.md	sources/experience/api-probes/gemm.md	exp-gemm	experience	nvidia	migrated	
80-experience/api-probes/gemm/2026-04-28-gemm-fused.md	sources/experience/api-probes/gemm.md	exp-gemm	experience	nvidia	migrated	
80-experience/api-probes/gemm/2026-04-28-gemm-tail.md	sources/experience/api-probes/gemm.md	exp-gemm	experience	nvidia	migrated	
80-experience/api-probes/gemm/2026-04-28-persistent-kernel-ablation.md	sources/experience/api-probes/gemm.md	exp-gemm	experience	nvidia	migrated	
80-experience/api-probes/gemm/2026-04-28-tma-bandwidth-counters.md	sources/experience/api-probes/gemm.md	exp-gemm	experience	nvidia	migrated	
80-experience/api-probes/gemm/2026-04-28-warp-specialization-ablation.md	sources/experience/api-probes/gemm.md	exp-gemm	experience	nvidia	migrated	
80-experience/api-probes/gemm/2026-04-28-wgmma-atom-shape-sweep.md	sources/experience/api-probes/gemm.md	exp-gemm	experience	nvidia	migrated	
80-experience/api-probes/gemm/2026-04-28-wgmma-counters.md	sources/experience/api-probes/gemm.md	exp-gemm	experience	nvidia	migrated	
80-experience/api-probes/gemm/2026-04-28-wgmma-problem-size-sweep.md	sources/experience/api-probes/gemm.md	exp-gemm	experience	nvidia	migrated	
80-experience/hw-probes/README.md	sources/experience/hw-probes/README.md	exp-README	experience	nvidia	migrated	
80-experience/hw-probes/aos-vs-soa/2026-04-22-aos-vs-soa.md	sources/experience/hw-probes/aos-vs-soa.md	exp-aos-vs-soa	experience	nvidia	migrated	
80-experience/hw-probes/async-copy/2026-04-16-async-copy.md	sources/experience/hw-probes/async-copy.md	exp-async-copy	experience	nvidia	migrated	
80-experience/hw-probes/atomic-reduction-contention/2026-04-20-atomic-reduction.md	sources/experience/hw-probes/atomic-reduction-contention.md	exp-atomic-reduction-contention	experience	nvidia	migrated	
80-experience/hw-probes/attention-tuning/2026-05-08-attention-tile-sweep.md	sources/experience/hw-probes/attention-tuning.md	exp-attention-tuning	experience	nvidia	migrated	
80-experience/hw-probes/attention-tuning/README.md	sources/experience/hw-probes/attention-tuning.md	exp-attention-tuning	experience	nvidia	migrated	
80-experience/hw-probes/barrier-cost/2026-04-22-barrier-cost.md	sources/experience/hw-probes/barrier-cost.md	exp-barrier-cost	experience	nvidia	migrated	
80-experience/hw-probes/branchless-patterns/2026-04-23-branchless-patterns.md	sources/experience/hw-probes/branchless-patterns.md	exp-branchless-patterns	experience	nvidia	migrated	
80-experience/hw-probes/cache-hint/2026-04-23-cache-hint.md	sources/experience/hw-probes/cache-hint.md	exp-cache-hint	experience	nvidia	migrated	
80-experience/hw-probes/coalescing-stride/2026-04-15-coalescing.md	sources/experience/hw-probes/coalescing-stride.md	exp-coalescing-stride	experience	nvidia	migrated	
80-experience/hw-probes/compiler-hints/2026-04-15-compiler-hints.md	sources/experience/hw-probes/compiler-hints.md	exp-compiler-hints	experience	nvidia	migrated	
80-experience/hw-probes/fast-math/2026-04-16-fast-math.md	sources/experience/hw-probes/fast-math.md	exp-fast-math	experience	nvidia	migrated	
80-experience/hw-probes/half2-throughput/2026-04-23-half2-throughput.md	sources/experience/hw-probes/half2-throughput.md	exp-half2-throughput	experience	nvidia	migrated	
80-experience/hw-probes/ilp/2026-04-16-ilp.md	sources/experience/hw-probes/ilp.md	exp-ilp	experience	nvidia	migrated	
80-experience/hw-probes/l2-residency/2026-04-23-l2-residency.md	sources/experience/hw-probes/l2-residency.md	exp-l2-residency	experience	nvidia	migrated	
80-experience/hw-probes/launch-overhead/2026-04-23-launch-overhead.md	sources/experience/hw-probes/launch-overhead.md	exp-launch-overhead	experience	nvidia	migrated	
80-experience/hw-probes/occupancy-sweep/2026-04-16-occupancy-tuning.md	sources/experience/hw-probes/occupancy-sweep.md	exp-occupancy-sweep	experience	nvidia	migrated	
80-experience/hw-probes/register-pressure/2026-04-15-register-pressure.md	sources/experience/hw-probes/register-pressure.md	exp-register-pressure	experience	nvidia	migrated	
80-experience/hw-probes/shfl-sync-bfly/2026-04-16-warp-primitives.md	sources/experience/hw-probes/shfl-sync-bfly.md	exp-shfl-sync-bfly	experience	nvidia	migrated	
80-experience/hw-probes/smem-bank-conflict/2026-04-16-bank-conflict.md	sources/experience/hw-probes/smem-bank-conflict.md	exp-smem-bank-conflict	experience	nvidia	migrated	
80-experience/hw-probes/smem-tile-reuse/2026-04-21-smem-tile-reuse.md	sources/experience/hw-probes/smem-tile-reuse.md	exp-smem-tile-reuse	experience	nvidia	migrated	
80-experience/hw-probes/tma-ptx/2026-04-28-tma-ptx-hello.md	sources/experience/hw-probes/tma-ptx.md	exp-tma-ptx	experience	nvidia	migrated	
80-experience/hw-probes/tma-ptx/2026-04-29-tma-throughput.md	sources/experience/hw-probes/tma-ptx.md	exp-tma-ptx	experience	nvidia	migrated	
80-experience/hw-probes/tma-ptx/2026-04-30-tma-multicast-v2.md	sources/experience/hw-probes/tma-ptx.md	exp-tma-ptx	experience	nvidia	migrated	
80-experience/hw-probes/tma-ptx/2026-04-30-tma-multicast.md	sources/experience/hw-probes/tma-ptx.md	exp-tma-ptx	experience	nvidia	migrated	
80-experience/hw-probes/vectorized-access/2026-04-15-vectorized-access.md	sources/experience/hw-probes/vectorized-access.md	exp-vectorized-access	experience	nvidia	migrated	
80-experience/hw-probes/warp-divergence-cost/2026-04-22-warp-divergence-cost.md	sources/experience/hw-probes/warp-divergence-cost.md	exp-warp-divergence-cost	experience	nvidia	migrated	
80-experience/hw-probes/wgmma-ptx/2026-04-28-wgmma-ptx-hello.md	sources/experience/hw-probes/wgmma-ptx.md	exp-wgmma-ptx	experience	nvidia	migrated	
80-experience/hw-probes/wgmma-ptx/2026-04-29-wgmma-zoo.md	sources/experience/hw-probes/wgmma-ptx.md	exp-wgmma-ptx	experience	nvidia	migrated	
80-experience/kernel-records/2026-04-29-gemm-ws-ptx/README.md	sources/experience/kernel-records/2026-04-29-gemm-ws-ptx.md	exp-2026-04-29-gemm-ws-ptx	experience	nvidia	migrated	
90-system-level/AGENTS.md				nvidia	skipped	system-level-not-mapped
90-system-level/launch-overhead/apis.md				nvidia	skipped	system-level-not-mapped
90-system-level/launch-overhead/pitfalls.md				nvidia	skipped	system-level-not-mapped
90-system-level/launch-overhead/skill.md				nvidia	skipped	system-level-not-mapped
AGENTS.md	reasoning/AGENTS.md			nvidia	migrated	top-level
GLOBAL_VARIABLES.md	corpus/GLOBAL_VARIABLES.md			nvidia	migrated	top-level
